	Von	Name	Nach	Name	Nr. 1007
1	1	Im Lehmsaal	234	Elbbrücken	9,25
2	2	Klecken	234	Elbbrücken	13,9
3	3	Winsen	234	Elbbrücken	73,57
4	4	v/nHittfeld	234	Elbbrücken	8,08
5	5	Ashausen	234	Elbbrücken	6,55
6	6	Maschen, Schöne Auss	234	Elbbrücken	9,25
7	7	Stelle	234	Elbbrücken	6,55
8	8	Huckfeldsheide	234	Elbbrücken	5,33
9	9	v/nMaschen	234	Elbbrücken	6,55
10	10	Maschener Schützenst	234	Elbbrücken	6,64
11	11	Emmelndorf, Steineck	234	Elbbrücken	5,37
12	12	Ost-Krauel	234	Elbbrücken	1,11
13	13	S Hittfeld	234	Elbbrücken	5,38
14	14	Sülzbrack	234	Elbbrücken	1,28
15	15	S Maschen	234	Elbbrücken	6,64
16	16	Woxdorf	234	Elbbrücken	5,37
17	17	Fleestedt	234	Elbbrücken	6,97
18	18	Lerchenweg	234	Elbbrücken	7,88
19	19	Achterdeich	234	Elbbrücken	5,28
20	20	Kirchw Mühlendamm	234	Elbbrücken	1,29
21	21	Rönne, Brücke	234	Elbbrücken	2,82
22	22	Höpengrund	234	Elbbrücken	5,34
23	23	Am Felde (S Meckelfe	234	Elbbrücken	7,88
24	24	Rönneburger Str	234	Elbbrücken	7,88
25	25	S Meckelfeld	234	Elbbrücken	9,11
26	26	Sandkäferweg	234	Elbbrücken	42,2
27	27	Geesthacht, Schiffba	234	Elbbrücken	2,75
28	28	Kirchwerder, Howe	234	Elbbrücken	1,27
29	29	Sinstorfer Kirchweg	234	Elbbrücken	19,69
30	30	Speicherbecken	234	Elbbrücken	7,49
31	31	Altengamme, Zeltplat	234	Elbbrücken	1,09
32	32	Schützenhof Neuengam	234	Elbbrücken	1,13
33	33	Overwerder	234	Elbbrücken	1,35
34	34	Lüttwetter	234	Elbbrücken	1,1
35	35	Spritzenhaus	234	Elbbrücken	1,25
36	36	Vahrendorf, Ehestorf	234	Elbbrücken	6,14
37	37	Kälbersteert	234	Elbbrücken	1,13
38	38	Vahrendorf, Appelbüt	234	Elbbrücken	27,1
39	39	Geesthacht, Norderst	234	Elbbrücken	2,75
40	40	Buchholzer Weg	234	Elbbrücken	19,91
41	41	An der Eiche	234	Elbbrücken	19,64
42	42	Zum Jägerfeld	234	Elbbrücken	40,59
43	43	Geesthacht, Oberstad	234	Elbbrücken	2,75
44	44	Geesthacht, Heuweg	234	Elbbrücken	2,75
45	45	Fünfhausen, Durchdei	234	Elbbrücken	1,15
46	46	Ernst-Bergeest-Weg	234	Elbbrücken	58,51
47	47	Radickestr	234	Elbbrücken	18,38
48	48	Bullenhausen, Pumpwe	234	Elbbrücken	6,93
49	49	Düneberger Str (Mitt	234	Elbbrücken	2,75
50	50	Geesthacht, Waldstr	234	Elbbrücken	3,47
51	51	Oortkaten	234	Elbbrücken	1,09
52	52	Eißend. Mühlenweg	234	Elbbrücken	17,23
53	53	Winsener Str (Nord)	234	Elbbrücken	21,62
54	54	Seefeld	234	Elbbrücken	1,27
55	55	Rabenstein	234	Elbbrücken	41,42
56	56	Jägerhof	234	Elbbrücken	6,14
57	57	Göhlbachtal	234	Elbbrücken	42,69
58	58	Horster Schule	234	Elbbrücken	1,1
59	59	Wohlersweg	234	Elbbrücken	13,91
60	60	Cursl Heerweg 44-46	234	Elbbrücken	1,1
61	61	Besenhorst	234	Elbbrücken	2,75
62	62	Majestätische Aussic	234	Elbbrücken	15,42
63	63	Ehestorfer Weg (Mitt	234	Elbbrücken	18,59
64	64	Knoopstr./Bremer Str	234	Elbbrücken	20,6
65	65	Lübbersweg	234	Elbbrücken	22,69
66	66	S Harburg	234	Elbbrücken	58,67
67	67	Lühmannstr	234	Elbbrücken	15,97
68	68	Moorstr	234	Elbbrücken	51,35
69	69	Denickestr	234	Elbbrücken	16,13
70	70	Neu Wulmstorf, Postw	234	Elbbrücken	12,37
71	71	Neugrabener Heideweg	234	Elbbrücken	11,18
72	72	Goldene Wiege	234	Elbbrücken	8,51
73	73	Neuengammer Hausdeich	234	Elbbrücken	1,26
74	74	Grundheide	234	Elbbrücken	9,09
75	75	Grossmoorring	234	Elbbrücken	13,82
76	76	S Harb Rath Eißend.S	234	Elbbrücken	21,35
77	77	Technische Uni Harbu	234	Elbbrücken	49,95
78	78	Buxtehude	234	Elbbrücken	22,38
79	79	Worth	234	Elbbrücken	1,35
80	80	v/nNeugraben	234	Elbbrücken	9,58
81	81	Neu Wulmstorf, Kants	234	Elbbrücken	9,81
82	82	Lohmannsweg	234	Elbbrücken	30,77
83	83	Reitbrook, Schule	234	Elbbrücken	1,04
84	84	S Heimfeld	234	Elbbrücken	24,41
85	85	Escheburg, Götensber	234	Elbbrücken	4,43
86	86	Kanalplatz	234	Elbbrücken	34,02
87	87	Unterelbestr	234	Elbbrücken	52,68
88	88	Horster Damm 258	234	Elbbrücken	1,64
89	89	Ochsenwerder	234	Elbbrücken	1,24
90	90	Schiefe Brücke	234	Elbbrücken	1,26
91	91	Betonwerk	234	Elbbrücken	15,54
92	92	Achterschlag	234	Elbbrücken	1,11
93	93	Kaserne Fischbek	234	Elbbrücken	7,12
94	94	Moorburger Str	234	Elbbrücken	38,01
95	95	Ochsenwerder Mühlenw	234	Elbbrücken	1,06
96	96	Moorburger Bogen	234	Elbbrücken	7,21
97	97	Haake	234	Elbbrücken	11,17
98	98	Allermöher Werftstegel	234	Elbbrücken	1,07
99	99	Rostweg	234	Elbbrücken	5,21
100	100	Opferberg	234	Elbbrücken	12,36
101	101	Zum Fürstenmoor	234	Elbbrücken	2,5
102	102	Börnsen, Dänenweg	234	Elbbrücken	7,27
103	103	Esso	234	Elbbrücken	32,86
104	104	S Neugraben	234	Elbbrücken	10,25
105	105	Moorw Hauptdeich 69	234	Elbbrücken	1,91
106	106	Neuwied Str (West)	234	Elbbrücken	2,23
107	107	Twistering	234	Elbbrücken	2,25
108	108	Holtenklinke	234	Elbbrücken	5,35
109	109	Friedhof Finkenriek	234	Elbbrücken	30,4
110	110	Phillips/Hausbruch	234	Elbbrücken	2,33
111	111	Allermöhe Kirche	234	Elbbrücken	4,66
112	112	Heidemoor	234	Elbbrücken	2,23
113	113	Wehrdeich	234	Elbbrücken	9,05
114	114	Weidendamm	234	Elbbrücken	25,99
115	115	Unterm Heilbrunnen	234	Elbbrücken	24,63
116	116	Nettelnburger Str	234	Elbbrücken	11,24
117	117	Hamfelderedder	234	Elbbrücken	5,3
118	118	Sternwarte, Eingang	234	Elbbrücken	8,46
119	119	Neu Allermöhe Nord	234	Elbbrücken	12,54
120	120	Adolf-Köster-Damm	234	Elbbrücken	10,59
121	121	NETTELNB.KIRCHENWEG	234	Elbbrücken	8,93
122	122	Lehfeld	234	Elbbrücken	36,19
123	123	Wilhelmsburg 1	234	Elbbrücken	18,58
124	124	Mohnhof	234	Elbbrücken	8,21
125	125	Margit-Zinke-Str	234	Elbbrücken	22,09
126	126	Tatenberg	234	Elbbrücken	1,05
127	127	Wilhelmsburg 2	234	Elbbrücken	22,84
128	128	Pfingstberg	234	Elbbrücken	10,01
129	129	Krankenhaus Bethesda	234	Elbbrücken	8,64
130	130	S Nettelnburg	234	Elbbrücken	7,65
131	131	Trettaustr	234	Elbbrücken	27,18
132	132	Gartenfreunde Franco	234	Elbbrücken	2,06
133	133	Kampchaussee 37	234	Elbbrücken	6,24
134	134	Moorburger Elbd 297	234	Elbbrücken	4,54
135	135	S Bergedorf	234	Elbbrücken	38,27
136	136	Gewerbegebiet Allermöhe Ost	234	Elbbrücken	40,15
137	137	Wentorf, Höppneralle	234	Elbbrücken	13,95
138	138	Rethebrücke (Nord)	234	Elbbrücken	15,33
139	139	Wilhelmsburg 3	234	Elbbrücken	25,35
140	140	Luisenschule	234	Elbbrücken	10,1
141	141	Billwerder Str  42	234	Elbbrücken	6,46
142	142	Lohbrügger Markt	234	Elbbrücken	11,31
143	143	Siedenf. Weg (West)	234	Elbbrücken	10,37
144	144	Fockenweide	234	Elbbrücken	6,16
145	145	Gewerbegebiet Allermöhe Mitte	234	Elbbrücken	4,59
146	146	Krieterstr	234	Elbbrücken	36,91
147	147	Moorburg, Kreuzung	234	Elbbrücken	6,83
148	148	Riehlstr	234	Elbbrücken	9,39
149	149	Zentralschule Mittle	234	Elbbrücken	32,14
150	150	Rathaus Wilhelmsburg	234	Elbbrücken	38,28
151	151	Thielenstr.	234	Elbbrücken	13,97
152	152	Achtern Höben	234	Elbbrücken	15,91
153	153	An der Bergkoppel	234	Elbbrücken	49,02
154	154	Ziegelerstr	234	Elbbrücken	77,42
155	155	Tatenberg, Schleuse	234	Elbbrücken	1,09
156	156	Auf der Bojewiese	234	Elbbrücken	40,97
157	157	Binnenfeldredder	234	Elbbrücken	11,15
158	158	Heidkampsredder	234	Elbbrücken	29,34
159	159	Billwerder Billd(Pos	234	Elbbrücken	19,14
160	160	Niederg. Deich (Süd)	234	Elbbrücken	13,16
161	161	Unfallkrankenhaus	234	Elbbrücken	28,38
162	162	Altenwerder	234	Elbbrücken	4,21
163	163	Marschkamper Deich	234	Elbbrücken	1,28
164	164	Veringstr (Mitte)	234	Elbbrücken	12,7
165	165	Landhausplatz	234	Elbbrücken	11,89
166	166	Grandkoppelstieg	234	Elbbrücken	159,63
167	167	Zollamt Waltershof	234	Elbbrücken	3,5
168	168	Perelsstr	234	Elbbrücken	155,7
169	169	Neuhöfer Str (Ost)	234	Elbbrücken	24,09
170	170	Rudorffweg	234	Elbbrücken	157,78
171	171	Müggenburger Schleus	234	Elbbrücken	73,99
172	172	Rahmwerder Str.	234	Elbbrücken	11,8
173	173	Krankenh St-Adolf-St	234	Elbbrücken	11,16
174	174	Neuhöfer Damm	234	Elbbrücken	15,29
175	175	Jahnckesweg	234	Elbbrücken	6,66
176	176	Boberg Havighorst	234	Elbbrücken	45,41
177	177	Billwerder-Moorfleet	234	Elbbrücken	45,58
178	178	Reinbek, Grosskoppel	234	Elbbrücken	11,17
179	179	Andreas-M-Str. (Mitt	234	Elbbrücken	11,04
180	180	Billwerder Billd 34	234	Elbbrücken	4,12
181	181	Hovestr (Kehre)	234	Elbbrücken	21,2
182	182	Liedenkummer Bogen	234	Elbbrücken	0,34
183	183	Moorfleeter Deich 20	234	Elbbrücken	11,01
184	184	Stübenplatz	234	Elbbrücken	24,18
185	185	Werkcentrum Elbinsel	234	Elbbrücken	11,98
186	186	Peutestr. 24	234	Elbbrücken	74,2
187	187	Nippoldstr (Zoll)	234	Elbbrücken	116,06
188	188	S Veddel	234	Elbbrücken	55,96
189	189	Osterfelddeich	234	Elbbrücken	9,29
190	190	Halskestrasse 26	234	Elbbrücken	11,07
191	191	Holsteiner Str	234	Elbbrücken	11,16
192	192	Oderhöft	234	Elbbrücken	115,99
193	193	Wohltorfer Str	234	Elbbrücken	23,94
194	194	Rahewinkel	234	Elbbrücken	59,89
195	195	S Wohltorf	234	Elbbrücken	5,28
196	196	Oberwerder Damm	234	Elbbrücken	74,08
197	197	Pinkertweg	234	Elbbrücken	11,1
198	198	Wilhelmsburger Platz	234	Elbbrücken	9,66
199	199	S Aumühle	234	Elbbrücken	8,7
200	200	Königreich, Rademach	234	Elbbrücken	0,88
201	201	U Mümmelmannsberg	234	Elbbrücken	251,11
202	202	Waltershof, Fähre	234	Elbbrücken	138,2
203	203	Klütjenfelder Str	234	Elbbrücken	23,63
204	204	Norderkirchenweg	234	Elbbrücken	11,27
205	205	Gutenbergstr (Juridw	234	Elbbrücken	31,05
206	206	Münterweg	234	Elbbrücken	108,62
207	207	Osterjork 125	234	Elbbrücken	0,33
208	208	Sperrwerk Estemündun	234	Elbbrücken	9,93
209	209	S Tiefstack	234	Elbbrücken	24,6
210	210	S Friedrichsruh	234	Elbbrücken	4,49
211	211	Haseneck	234	Elbbrücken	22,42
212	212	Moorfleeter Str (Mit	234	Elbbrücken	11,81
213	213	Grusonstr	234	Elbbrücken	23,26
214	214	Steinbeker Marktstr	234	Elbbrücken	15,02
215	215	Schönningstedt, Ort	234	Elbbrücken	54,51
216	216	Cranz, Estebogen	234	Elbbrücken	9,73
217	217	Thiedingreihe	234	Elbbrücken	24,05
218	218	Nordmeerstr	234	Elbbrücken	9,17
219	219	Norderschulweg	234	Elbbrücken	9,31
220	220	Liebigstr (Ost)	234	Elbbrücken	12,22
221	221	Billbrookdeich 210	234	Elbbrücken	12,61
222	222	Billhorner Mühlenweg	234	Elbbrücken	29,53
223	223	Glinde, Weißdornweg	234	Elbbrücken	136,86
224	224	Berzeliusstr (Mitte)	234	Elbbrücken	12,33
225	225	Rote Brücke	234	Elbbrücken	18,6
226	226	Billhorner Röhrendam	234	Elbbrücken	93
227	227	Berzeliusstr (West)	234	Elbbrücken	12,62
228	228	Wöhlerstr	234	Elbbrücken	24,04
229	229	Deutsche Airbus	234	Elbbrücken	9,79
230	230	Mühlenhagen	234	Elbbrücken	23,28
231	231	Amerikahöft	234	Elbbrücken	116,31
232	232	Billstr  185	234	Elbbrücken	23,46
233	233	Oberschleems	234	Elbbrücken	18,64
234	234	Elbbrücken	1	Im Lehmsaal	6,75
235	234	Elbbrücken	2	Klecken	8,98
236	234	Elbbrücken	3	Winsen	34,75
237	234	Elbbrücken	4	v/nHittfeld	5,39
238	234	Elbbrücken	5	Ashausen	6,03
239	234	Elbbrücken	6	Maschen, Schöne Auss	6,74
240	234	Elbbrücken	7	Stelle	4,79
241	234	Elbbrücken	8	Huckfeldsheide	3,24
242	234	Elbbrücken	9	v/nMaschen	4,79
243	234	Elbbrücken	10	Maschener Schützenst	4,95
244	234	Elbbrücken	11	Emmelndorf, Steineck	3,26
245	234	Elbbrücken	12	Ost-Krauel	1,2
246	234	Elbbrücken	13	S Hittfeld	3,26
247	234	Elbbrücken	14	Sülzbrack	1,25
248	234	Elbbrücken	15	S Maschen	4,96
249	234	Elbbrücken	16	Woxdorf	3,26
250	234	Elbbrücken	17	Fleestedt	2,94
251	234	Elbbrücken	18	Lerchenweg	5,08
252	234	Elbbrücken	19	Achterdeich	5,54
253	234	Elbbrücken	20	Kirchw Mühlendamm	1,63
254	234	Elbbrücken	21	Rönne, Brücke	4,56
255	234	Elbbrücken	22	Höpengrund	4,36
256	234	Elbbrücken	23	Am Felde (S Meckelfe	6,78
257	234	Elbbrücken	24	Rönneburger Str	6,79
258	234	Elbbrücken	25	S Meckelfeld	5,86
259	234	Elbbrücken	26	Sandkäferweg	34,01
260	234	Elbbrücken	27	Geesthacht, Schiffba	3,95
261	234	Elbbrücken	28	Kirchwerder, Howe	1,24
262	234	Elbbrücken	29	Sinstorfer Kirchweg	17,7
263	234	Elbbrücken	30	Speicherbecken	10,55
264	234	Elbbrücken	31	Altengamme, Zeltplat	1,18
265	234	Elbbrücken	32	Schützenhof Neuengam	1,21
266	234	Elbbrücken	33	Overwerder	1,2
267	234	Elbbrücken	34	Lüttwetter	1,18
268	234	Elbbrücken	35	Spritzenhaus	1,59
269	234	Elbbrücken	36	Vahrendorf, Ehestorf	4,08
270	234	Elbbrücken	37	Kälbersteert	1,21
271	234	Elbbrücken	38	Vahrendorf, Appelbüt	19,79
272	234	Elbbrücken	39	Geesthacht, Norderst	4,13
273	234	Elbbrücken	40	Buchholzer Weg	16,02
274	234	Elbbrücken	41	An der Eiche	16,26
275	234	Elbbrücken	42	Zum Jägerfeld	28,19
276	234	Elbbrücken	43	Geesthacht, Oberstad	3,95
277	234	Elbbrücken	44	Geesthacht, Heuweg	3,95
278	234	Elbbrücken	45	Fünfhausen, Durchdei	1,29
279	234	Elbbrücken	46	Ernst-Bergeest-Weg	24,13
280	234	Elbbrücken	47	Radickestr	16,5
281	234	Elbbrücken	48	Bullenhausen, Pumpwe	4,9
282	234	Elbbrücken	49	Düneberger Str (Mitt	3,95
283	234	Elbbrücken	50	Geesthacht, Waldstr	3,95
284	234	Elbbrücken	51	Oortkaten	1,23
285	234	Elbbrücken	52	Eißend. Mühlenweg	11,14
286	234	Elbbrücken	53	Winsener Str (Nord)	17,07
287	234	Elbbrücken	54	Seefeld	1,6
288	234	Elbbrücken	55	Rabenstein	29,71
289	234	Elbbrücken	56	Jägerhof	4,19
290	234	Elbbrücken	57	Göhlbachtal	34,16
291	234	Elbbrücken	58	Horster Schule	1,18
292	234	Elbbrücken	59	Wohlersweg	11,06
293	234	Elbbrücken	60	Cursl Heerweg 44-46	1,18
294	234	Elbbrücken	61	Besenhorst	4,12
295	234	Elbbrücken	62	Majestätische Aussic	11,7
296	234	Elbbrücken	63	Ehestorfer Weg (Mitt	12,6
297	234	Elbbrücken	64	Knoopstr./Bremer Str	16,39
298	234	Elbbrücken	65	Lübbersweg	15,96
299	234	Elbbrücken	66	S Harburg	46,11
300	234	Elbbrücken	67	Lühmannstr	11,74
301	234	Elbbrücken	68	Moorstr	43,98
302	234	Elbbrücken	69	Denickestr	11,86
303	234	Elbbrücken	70	Neu Wulmstorf, Postw	6,88
304	234	Elbbrücken	71	Neugrabener Heideweg	6,28
305	234	Elbbrücken	72	Goldene Wiege	6,24
306	234	Elbbrücken	73	Neuengammer Hausdeich	1,6
307	234	Elbbrücken	74	Grundheide	4,43
308	234	Elbbrücken	75	Grossmoorring	11,01
309	234	Elbbrücken	76	S Harb Rath Eißend.S	17,61
310	234	Elbbrücken	77	Technische Uni Harbu	34,27
311	234	Elbbrücken	78	Buxtehude	2,6
312	234	Elbbrücken	79	Worth	6,49
313	234	Elbbrücken	80	v/nNeugraben	4,54
314	234	Elbbrücken	81	Neu Wulmstorf, Kants	5,6
315	234	Elbbrücken	82	Lohmannsweg	10,67
316	234	Elbbrücken	83	Reitbrook, Schule	1,04
317	234	Elbbrücken	84	S Heimfeld	10,49
318	234	Elbbrücken	85	Escheburg, Götensber	5,78
319	234	Elbbrücken	86	Kanalplatz	30,95
320	234	Elbbrücken	87	Unterelbestr	30,82
321	234	Elbbrücken	88	Horster Damm 258	1,17
322	234	Elbbrücken	89	Ochsenwerder	1,42
323	234	Elbbrücken	90	Schiefe Brücke	1,59
324	234	Elbbrücken	91	Betonwerk	15,37
325	234	Elbbrücken	92	Achterschlag	1,19
326	234	Elbbrücken	93	Kaserne Fischbek	3,62
327	234	Elbbrücken	94	Moorburger Str	19,03
328	234	Elbbrücken	95	Ochsenwerder Mühlenw	1,2
329	234	Elbbrücken	96	Moorburger Bogen	3,97
330	234	Elbbrücken	97	Haake	6,27
331	234	Elbbrücken	98	Allermöher Werftstegel	1,07
332	234	Elbbrücken	99	Rostweg	2,63
333	234	Elbbrücken	100	Opferberg	4,08
334	234	Elbbrücken	101	Zum Fürstenmoor	2,48
335	234	Elbbrücken	102	Börnsen, Dänenweg	5,95
336	234	Elbbrücken	103	Esso	31,28
337	234	Elbbrücken	104	S Neugraben	4,71
338	234	Elbbrücken	105	Moorw Hauptdeich 69	2,69
339	234	Elbbrücken	106	Neuwied Str (West)	1,91
340	234	Elbbrücken	107	Twistering	1,91
341	234	Elbbrücken	108	Holtenklinke	6,28
342	234	Elbbrücken	109	Friedhof Finkenriek	26,29
343	234	Elbbrücken	110	Phillips/Hausbruch	1,99
344	234	Elbbrücken	111	Allermöhe Kirche	4,71
345	234	Elbbrücken	112	Heidemoor	1,91
346	234	Elbbrücken	113	Wehrdeich	12,03
347	234	Elbbrücken	114	Weidendamm	23,09
348	234	Elbbrücken	115	Unterm Heilbrunnen	21,45
349	234	Elbbrücken	116	Nettelnburger Str	15,25
350	234	Elbbrücken	117	Hamfelderedder	6,04
351	234	Elbbrücken	118	Sternwarte, Eingang	6,38
352	234	Elbbrücken	119	Neu Allermöhe Nord	10,11
353	234	Elbbrücken	120	Adolf-Köster-Damm	12,49
354	234	Elbbrücken	121	NETTELNB.KIRCHENWEG	11,89
355	234	Elbbrücken	122	Lehfeld	75,25
356	234	Elbbrücken	123	Wilhelmsburg 1	31,7
357	234	Elbbrücken	124	Mohnhof	11,84
358	234	Elbbrücken	125	Margit-Zinke-Str	17,06
359	234	Elbbrücken	126	Tatenberg	1,2
360	234	Elbbrücken	127	Wilhelmsburg 2	22,94
361	234	Elbbrücken	128	Pfingstberg	18,61
362	234	Elbbrücken	129	Krankenhaus Bethesda	7,29
363	234	Elbbrücken	130	S Nettelnburg	7,63
364	234	Elbbrücken	131	Trettaustr	21,14
365	234	Elbbrücken	132	Gartenfreunde Franco	1,5
366	234	Elbbrücken	133	Kampchaussee 37	8,05
367	234	Elbbrücken	134	Moorburger Elbd 297	2,47
368	234	Elbbrücken	135	S Bergedorf	38,82
369	234	Elbbrücken	136	Gewerbegebiet Allermöhe Ost	46,06
370	234	Elbbrücken	137	Wentorf, Höppneralle	26,49
371	234	Elbbrücken	138	Rethebrücke (Nord)	11,8
372	234	Elbbrücken	139	Wilhelmsburg 3	28,76
373	234	Elbbrücken	140	Luisenschule	18,75
374	234	Elbbrücken	141	Billwerder Str  42	8,31
375	234	Elbbrücken	142	Lohbrügger Markt	14,59
376	234	Elbbrücken	143	Siedenf. Weg (West)	36,31
377	234	Elbbrücken	144	Fockenweide	7,81
378	234	Elbbrücken	145	Gewerbegebiet Allermöhe Mitte	4,75
379	234	Elbbrücken	146	Krieterstr	32,32
380	234	Elbbrücken	147	Moorburg, Kreuzung	4,23
381	234	Elbbrücken	148	Riehlstr	5,97
382	234	Elbbrücken	149	Zentralschule Mittle	38,55
383	234	Elbbrücken	150	Rathaus Wilhelmsburg	35,07
384	234	Elbbrücken	151	Thielenstr.	38,35
385	234	Elbbrücken	152	Achtern Höben	24,24
386	234	Elbbrücken	153	An der Bergkoppel	14,85
387	234	Elbbrücken	154	Ziegelerstr	68,46
388	234	Elbbrücken	155	Tatenberg, Schleuse	1,25
389	234	Elbbrücken	156	Auf der Bojewiese	23,72
390	234	Elbbrücken	157	Binnenfeldredder	13,39
391	234	Elbbrücken	158	Heidkampsredder	52,24
392	234	Elbbrücken	159	Billwerder Billd(Pos	5,88
393	234	Elbbrücken	160	Niederg. Deich (Süd)	46,72
394	234	Elbbrücken	161	Unfallkrankenhaus	17,06
395	234	Elbbrücken	162	Altenwerder	2,87
396	234	Elbbrücken	163	Marschkamper Deich	0,94
397	234	Elbbrücken	164	Veringstr (Mitte)	8,65
398	234	Elbbrücken	165	Landhausplatz	12,5
399	234	Elbbrücken	166	Grandkoppelstieg	56,98
400	234	Elbbrücken	167	Zollamt Waltershof	2,66
401	234	Elbbrücken	168	Perelsstr	68,86
402	234	Elbbrücken	169	Neuhöfer Str (Ost)	60,44
403	234	Elbbrücken	170	Rudorffweg	67,14
404	234	Elbbrücken	171	Müggenburger Schleus	90,85
405	234	Elbbrücken	172	Rahmwerder Str.	39,71
406	234	Elbbrücken	173	Krankenh St-Adolf-St	11,04
407	234	Elbbrücken	174	Neuhöfer Damm	11,77
408	234	Elbbrücken	175	Jahnckesweg	6,5
409	234	Elbbrücken	176	Boberg Havighorst	25,09
410	234	Elbbrücken	177	Billwerder-Moorfleet	12,04
411	234	Elbbrücken	178	Reinbek, Grosskoppel	11,05
412	234	Elbbrücken	179	Andreas-M-Str. (Mitt	11,67
413	234	Elbbrücken	180	Billwerder Billd 34	5,7
414	234	Elbbrücken	181	Hovestr (Kehre)	61,97
415	234	Elbbrücken	182	Liedenkummer Bogen	0,31
416	234	Elbbrücken	183	Moorfleeter Deich 20	12,46
417	234	Elbbrücken	184	Stübenplatz	22,24
418	234	Elbbrücken	185	Werkcentrum Elbinsel	29,76
419	234	Elbbrücken	186	Peutestr. 24	91,34
420	234	Elbbrücken	187	Nippoldstr (Zoll)	86,76
421	234	Elbbrücken	188	S Veddel	78,6
422	234	Elbbrücken	189	Osterfelddeich	5,93
423	234	Elbbrücken	190	Halskestrasse 26	11,76
424	234	Elbbrücken	191	Holsteiner Str	11,05
425	234	Elbbrücken	192	Oderhöft	86,74
426	234	Elbbrücken	193	Wohltorfer Str	20,75
427	234	Elbbrücken	194	Rahewinkel	30,02
428	234	Elbbrücken	195	S Wohltorf	25,82
429	234	Elbbrücken	196	Oberwerder Damm	91,26
430	234	Elbbrücken	197	Pinkertweg	11,79
431	234	Elbbrücken	198	Wilhelmsburger Platz	8,88
432	234	Elbbrücken	199	S Aumühle	10,97
433	234	Elbbrücken	200	Königreich, Rademach	0,84
434	234	Elbbrücken	201	U Mümmelmannsberg	108,3
435	234	Elbbrücken	202	Waltershof, Fähre	110,39
436	234	Elbbrücken	203	Klütjenfelder Str	21,52
437	234	Elbbrücken	204	Norderkirchenweg	7,21
438	234	Elbbrücken	205	Gutenbergstr (Juridw	20,57
439	234	Elbbrücken	206	Münterweg	19,17
440	234	Elbbrücken	207	Osterjork 125	0,3
441	234	Elbbrücken	208	Sperrwerk Estemündun	7,18
442	234	Elbbrücken	209	S Tiefstack	23,19
443	234	Elbbrücken	210	S Friedrichsruh	5,85
444	234	Elbbrücken	211	Haseneck	19,27
445	234	Elbbrücken	212	Moorfleeter Str (Mit	11,59
446	234	Elbbrücken	213	Grusonstr	24,68
447	234	Elbbrücken	214	Steinbeker Marktstr	14,35
448	234	Elbbrücken	215	Schönningstedt, Ort	21,18
449	234	Elbbrücken	216	Cranz, Estebogen	7,04
450	234	Elbbrücken	217	Thiedingreihe	25,71
451	234	Elbbrücken	218	Nordmeerstr	5,86
452	234	Elbbrücken	219	Norderschulweg	7,05
453	234	Elbbrücken	220	Liebigstr (Ost)	11,88
454	234	Elbbrücken	221	Billbrookdeich 210	12,55
455	234	Elbbrücken	222	Billhorner Mühlenweg	26,9
456	234	Elbbrücken	223	Glinde, Weißdornweg	40,67
457	234	Elbbrücken	224	Berzeliusstr (Mitte)	12,16
458	234	Elbbrücken	225	Rote Brücke	17,73
459	234	Elbbrücken	226	Billhorner Röhrendam	88,54
460	234	Elbbrücken	227	Berzeliusstr (West)	12,47
461	234	Elbbrücken	228	Wöhlerstr	25,6
462	234	Elbbrücken	229	Deutsche Airbus	5,89
463	234	Elbbrücken	230	Mühlenhagen	25,62
464	234	Elbbrücken	231	Amerikahöft	87,46
465	234	Elbbrücken	232	Billstr  185	25,6
466	234	Elbbrücken	233	Oberschleems	17,8
467	234	Elbbrücken	234	Elbbrücken	1253,38
468	234	Elbbrücken	235	Bubendey-Ufer	2,87
469	234	Elbbrücken	236	Norderloch	162,67
470	234	Elbbrücken	237	S Rothenburgsort	22,88
471	234	Elbbrücken	238	HOCHHAUS,ANLEGER	5,95
472	234	Elbbrücken	239	HafenCity/SAP	138,3
473	234	Elbbrücken	240	HafenCity Ost	554,12
474	234	Elbbrücken	241	HafenC/Dalmannkai	1058
475	234	Elbbrücken	242	Billhorner Brückenst	51,28
476	234	Elbbrücken	243	Eekholtesweg	0,01
477	234	Elbbrücken	244	U Merkenstr	30,87
478	234	Elbbrücken	245	Reclamstr	49,95
479	234	Elbbrücken	246	Billstedter Hauptstr	20,49
480	234	Elbbrücken	247	Glinder Berg	73,98
481	234	Elbbrücken	248	HafenCity/HanseaticTC	109,76
482	234	Elbbrücken	249	Magdeburger Hafen	101,83
483	234	Elbbrücken	250	U Steinfurther Allee	18,49
484	234	Elbbrücken	251	Billerhuder Insel	25,3
485	234	Elbbrücken	252	Breiter Kamp	40,63
486	234	Elbbrücken	253	Fährterminal (Englan	109,99
487	234	Elbbrücken	254	Neumühlen/Övelgönne	195,55
488	234	Elbbrücken	255	Oststeinbek, Ort	46,54
489	234	Elbbrücken	256	Glinde, Markt	40,63
490	234	Elbbrücken	257	Grüne Brücke	127,33
491	234	Elbbrücken	258	Kohlbergen	43,31
492	234	Elbbrücken	259	U Baumwall	86,16
493	234	Elbbrücken	260	Neumühler Kirchenweg	206,98
494	234	Elbbrücken	261	Speicherstadt	380,63
495	234	Elbbrücken	262	Nagelsweg	67,05
496	234	Elbbrücken	263	Fischmarkt	102,06
497	234	Elbbrücken	264	U/S Landungsbrücken	94,66
498	234	Elbbrücken	265	Holztwiete	65,66
499	234	Elbbrücken	266	Halbmondsweg	38,15
500	234	Elbbrücken	267	St. Pauli Hafenstr	116,59
501	234	Elbbrücken	268	Glinde, Zeugamt	44,36
502	234	Elbbrücken	269	Jenischhaus	53,3
503	234	Elbbrücken	270	Lippeltstr	114,78
504	234	Elbbrücken	271	Hohenzollernring(Süd	2,96
505	234	Elbbrücken	272	Süderstr	62,19
506	234	Elbbrücken	273	Liebermannstr	12,79
507	234	Elbbrücken	274	S Königstr	46,82
508	234	Elbbrücken	275	Schiffbeker Höhe	47,04
509	234	Elbbrücken	276	Altona, Rathaus	34,81
510	234	Elbbrücken	277	Horner Rampe	16,36
511	234	Elbbrücken	278	U Rödingsmarkt	337,86
512	234	Elbbrücken	279	Rothestr	8,89
513	234	Elbbrücken	280	Domstr	219,51
514	234	Elbbrücken	281	Vierbergen	14,99
515	234	Elbbrücken	282	Luisenweg	89,7
516	234	Elbbrücken	283	Diagonalstr	145,53
517	234	Elbbrücken	284	Ohe, Am Sportplatz	21,11
518	234	Elbbrücken	285	Neuschönn. Schule	21,17
519	234	Elbbrücken	286	Sieberlingstr	65,4
520	234	Elbbrücken	287	Philosophenweg	3,35
521	234	Elbbrücken	288	U Steinstr	228,06
522	234	Elbbrücken	289	S Reeperbahn	282,45
523	234	Elbbrücken	290	Ausschläger Weg (Ver	91,13
524	234	Elbbrücken	292	Adolphsplatz	76,8
525	234	Elbbrücken	293	S Stadthausbrücke	449,38
526	234	Elbbrücken	294	Bahrenfelder Str	9,38
527	234	Elbbrücken	295	Michaeliskirche	103,35
528	234	Elbbrücken	296	Grosse Bergstr	34,1
529	234	Elbbrücken	297	Davidstr	3,38
530	234	Elbbrücken	298	U St. Pauli	5,18
531	234	Elbbrücken	299	U Rathaus Rathausmar	87,07
532	234	Elbbrücken	300	Glinde, Friedhof	74,03
533	234	Elbbrücken	301	Querkamp	0,26
534	234	Elbbrücken	302	Borstelmannsweg	32,71
535	234	Elbbrücken	303	Gerhart-Hauptmann-Pl	226,63
536	234	Elbbrücken	304	Bf. Altona Gl 3-4	11,76
537	234	Elbbrücken	305	Museum für Hambg Ges	78,61
538	234	Elbbrücken	306	Culinstrasse	60,48
539	234	Elbbrücken	307	Paul-Roosen-Str.	173,5
540	234	Elbbrücken	308	Steintorwall/Hbf.	274,19
541	234	Elbbrücken	309	Hbf./Steint (ZOB)	9,42
542	234	Elbbrücken	310	Axel-Springer-Platz	29,91
543	234	Elbbrücken	311	Bleickenallee	3,47
544	234	Elbbrücken	312	Agathe-Lasch-Weg	1,46
545	234	Elbbrücken	313	Parkstr/Kl Flottb We	4,98
546	234	Elbbrücken	314	Hauptbahnhof/Kirchen	118,15
547	234	Elbbrücken	315	U Jungfernstieg	97,07
548	234	Elbbrücken	316	Nienstedten, Friedho	16,82
549	234	Elbbrücken	317	U/S Berliner Tor	13,41
550	234	Elbbrücken	318	Am Hirschpark	64,13
551	234	Elbbrücken	319	Friedensallee	54,62
552	234	Elbbrücken	320	W. Koch Stadion	60,96
553	234	Elbbrücken	321	Borgfelder Str	6,22
554	234	Elbbrücken	322	Friedhof Diebsteich	40,36
555	234	Elbbrücken	323	J.-Brahms-Platz	35,47
556	234	Elbbrücken	324	Sandkamp	2,03
557	234	Elbbrücken	325	Hübbesweg	50,83
558	234	Elbbrücken	326	Gerichtstr	15,71
559	234	Elbbrücken	327	AKH Altona	4,01
560	234	Elbbrücken	328	Rupertistr (Mitte)	16,58
561	234	Elbbrücken	329	Ferdinandstor	48,99
562	234	Elbbrücken	330	U Gänsemarkt	64,42
563	234	Elbbrücken	331	Meriandamm	25,79
564	234	Elbbrücken	332	Schröder Siedlung	21,1
565	234	Elbbrücken	333	U Burgstr	107,14
566	234	Elbbrücken	334	Sievekingplatz	17,43
567	234	Elbbrücken	335	Beim Hammer Marktpla	18,65
568	234	Elbbrücken	336	Charitas-B-Treppe	58,59
569	234	Elbbrücken	337	Südeingang	0,51
570	234	Elbbrücken	338	U Lohmühlenstr	26,12
571	234	Elbbrücken	339	Thadenstr.(West)	55,31
572	234	Elbbrücken	340	Jungestr	42,99
573	234	Elbbrücken	341	U Feldstr	182,35
574	234	Elbbrücken	342	Oesterleystr	57,41
575	234	Elbbrücken	343	S Klein Flottbek	9,03
576	234	Elbbrücken	344	O` Swaldstr.	4,54
577	234	Elbbrücken	345	U Stephansplatz	261,46
578	234	Elbbrücken	346	Stoltenstr	1,15
579	234	Elbbrücken	347	S Bahrenfeld	15,86
580	234	Elbbrücken	348	S Othmarschen	7,86
581	234	Elbbrücken	349	Gurlittstr	22,46
582	234	Elbbrücken	350	Godeffroystr	62,03
583	234	Elbbrücken	351	Waseberg	58,77
584	234	Elbbrücken	352	Neuer Pferdemarkt	20,72
585	234	Elbbrücken	353	Hamburg Messe (Ostei	15,25
586	234	Elbbrücken	354	U Lübecker Str	12,34
587	234	Elbbrücken	355	Schützenstr (Süd)	4,24
588	234	Elbbrücken	356	Caspar-Voght-Str	14,78
589	234	Elbbrücken	357	S Hochkamp	7,84
590	234	Elbbrücken	358	Saling	57,91
591	234	Elbbrücken	359	BAB Auffahrt Horn	19,8
592	234	Elbbrücken	360	Congress Centrum Ham	16,76
593	234	Elbbrücken	361	Heinrich-Hertz-Turm	18,33
594	234	Elbbrücken	362	Sternbrücke	34,53
595	234	Elbbrücken	363	Sternbergweg	1,78
596	234	Elbbrücken	364	Carl-Petersen-Str	12,44
597	234	Elbbrücken	365	S Holstenstr	16,5
598	234	Elbbrücken	366	Wilmans Park	62,37
599	234	Elbbrücken	367	S Blankenese	112,62
600	234	Elbbrücken	368	Dannerallee	0,14
601	234	Elbbrücken	369	Schützenstr (Mitte)	3,36
602	234	Elbbrücken	370	Kaltenkircher Platz	15,1
603	234	Elbbrücken	371	Am Husarendenkmal	6,38
604	234	Elbbrücken	372	Bornkampsweg	2,81
605	234	Elbbrücken	373	Schulterblatt	43,25
606	234	Elbbrücken	374	Fuchsbergredder	0,8
607	234	Elbbrücken	375	Staatsbibliothek	15,77
608	234	Elbbrücken	376	Böcklinstr	2,84
609	234	Elbbrücken	377	Stemwarde, Bahnhofst	18,84
610	234	Elbbrücken	378	Hemmingstedter Weg	7,4
611	234	Elbbrücken	379	Graumannsweg	9,51
612	234	Elbbrücken	380	Björnsonweg	62,49
613	234	Elbbrücken	381	U Wartenau	42,67
614	234	Elbbrücken	382	U/S Sternschanze	46,65
615	234	Elbbrücken	383	Tietzestr	0,68
616	234	Elbbrücken	384	U Uhlandstr	34,71
617	234	Elbbrücken	385	Silcherstr	32,21
618	234	Elbbrücken	386	Alsenplatz	9,6
619	234	Elbbrücken	387	S Hasselbrook	41,25
620	234	Elbbrücken	388	Fontenay	15,96
621	234	Elbbrücken	389	Flottbeker Kirche	7,57
622	234	Elbbrücken	390	S Diebsteich	10,31
623	234	Elbbrücken	391	Augustenburger Str	10,36
624	234	Elbbrücken	392	Grindelhof	42,76
625	234	Elbbrücken	393	Uferstr	36,42
626	234	Elbbrücken	394	Anne-Frank-Strasse	14,37
627	234	Elbbrücken	395	Büchsenschinken	21,1
628	234	Elbbrücken	396	Schlump/Bundesstr	16,2
629	234	Elbbrücken	397	WEDEL,HANS-BOECKLER-	2,35
630	234	Elbbrücken	398	Schulau, Fähre	3,39
631	234	Elbbrücken	399	Fichtestrasse	11,97
632	234	Elbbrücken	400	Hof Bockhorst	0,39
633	234	Elbbrücken	401	U Christuskirche	12,79
634	234	Elbbrücken	402	AKH Wandsbek	3,9
635	234	Elbbrücken	403	ELBE-EINKAUFSZENTRUM	1,78
636	234	Elbbrücken	404	Museum für Völkerkun	16,32
637	234	Elbbrücken	405	Hammer Str	20,23
638	234	Elbbrücken	406	Gymnasium Marienthal	4,68
639	234	Elbbrücken	407	U Mundsburg	58,79
640	234	Elbbrücken	408	Gustav-Adolf-Str	3,41
641	234	Elbbrücken	409	S Wandsbek	3,98
642	234	Elbbrücken	410	Flurkamp	1,74
643	234	Elbbrücken	411	Tinsdaler Heideweg	8,6
644	234	Elbbrücken	412	Fruchtallee	14,94
645	234	Elbbrücken	413	Marlowring	2,69
646	234	Elbbrücken	414	Bergredder	77,77
647	234	Elbbrücken	415	Zum Hünengrab/Desy	5,39
648	234	Elbbrücken	416	Wulfsdal	11,58
649	234	Elbbrücken	417	Barsbütteler Stieg	4,36
650	234	Elbbrücken	418	FRIEDHOF HOLSTENKAMP	21,68
651	234	Elbbrücken	419	Bahrenfeld, Trabrenn	4,25
652	234	Elbbrücken	420	Grindelberg	14,94
653	234	Elbbrücken	421	Rodigallee (Ost)	6,13
654	234	Elbbrücken	422	Darbovenstieg	7,33
655	234	Elbbrücken	423	Parkallee	15,04
656	234	Elbbrücken	424	Alsterchaussee	127,66
657	234	Elbbrücken	425	Averhoffstr	3,9
658	234	Elbbrücken	426	U Wandsbek-Markt	32,76
659	234	Elbbrücken	427	Stemwarde, Ort	18,84
660	234	Elbbrücken	428	Isfeldkamp	4,6
661	234	Elbbrücken	429	Maxstrasse	11,04
662	234	Elbbrücken	430	Industriestr (Nord)	0,93
663	234	Elbbrücken	431	Schlankreye	11,78
664	234	Elbbrücken	432	Jenfelder Str	7,6
665	234	Elbbrücken	433	Josephstr.	3,51
666	234	Elbbrücken	434	Schulweg	9,76
667	234	Elbbrücken	435	Armbruststr	3,43
668	234	Elbbrücken	436	Gluckstr	4,28
669	234	Elbbrücken	437	Sandort	1,42
670	234	Elbbrücken	438	Ernst-Barlach-Schule	4,13
671	234	Elbbrücken	439	Wendemuthstr	3,59
672	234	Elbbrücken	440	Postamt Am Neumarkt	4,39
673	234	Elbbrücken	441	U Osterstr	19,51
674	234	Elbbrücken	442	Beethovenstr	27,43
675	234	Elbbrücken	443	Herwigredder	3,06
676	234	Elbbrücken	444	Bismarckstr	9,06
677	234	Elbbrücken	445	Oberstr	12,63
678	234	Elbbrücken	446	S Friedrichsberg	46,84
679	234	Elbbrücken	447	Apostelkirche	11,49
680	234	Elbbrücken	448	Luruper Chaussee/Des	9,38
681	234	Elbbrücken	449	U Hoheluftbrücke	13,58
682	234	Elbbrücken	450	Sophienterasse	12,69
683	234	Elbbrücken	451	Holzmühlenstr	5,64
684	234	Elbbrücken	452	Achtern Styg	2,37
685	234	Elbbrücken	453	Mühlenkamp/Hofweg	1,9
686	234	Elbbrücken	454	Herderstr	50,35
687	234	Elbbrücken	455	S Iserbrook	3,42
688	234	Elbbrücken	456	S Sülldorf	2,01
689	234	Elbbrücken	457	Lederstr	2,39
690	234	Elbbrücken	458	Hogrevestr	3,49
691	234	Elbbrücken	459	Eppendorfer Weg	9,35
692	234	Elbbrücken	460	Glatzer Str	5,45
693	234	Elbbrücken	461	Krankenhaus Rissen	2,33
694	234	Elbbrücken	462	AKH Eilbek, Nordeing	4,52
695	234	Elbbrücken	463	S Langenfelde	4,3
696	234	Elbbrücken	464	Wandsbeker Allee	4,05
697	234	Elbbrücken	465	Croningstr	4,32
698	234	Elbbrücken	466	Kurfürstenstr	3,46
699	234	Elbbrücken	467	S Wedel	4,84
700	234	Elbbrücken	468	S Rissen	2,44
701	234	Elbbrücken	469	Högenstr	11,6
702	234	Elbbrücken	470	U Dehnhaide	35,58
703	234	Elbbrücken	471	Liegnitzer Str	6,97
704	234	Elbbrücken	472	Schimmelmannstr (Ost	3,79
705	234	Elbbrücken	473	Walddörferstr	2,42
706	234	Elbbrücken	474	Heerbrook	4,68
707	234	Elbbrücken	475	Krausestr	54,38
708	234	Elbbrücken	476	Am Brink	42,33
709	234	Elbbrücken	477	Eidelstedter Weg	16,45
710	234	Elbbrücken	478	Biedermannplatz	36,46
711	234	Elbbrücken	479	Flachsland	5,07
712	234	Elbbrücken	480	U Klosterstern	4,2
713	234	Elbbrücken	481	U Lutterothstr	16,86
714	234	Elbbrücken	482	Gertigstr	10,87
715	234	Elbbrücken	483	Eppendorfer Weg (Ost	61,11
716	234	Elbbrücken	484	Wedel, Markt	0,98
717	234	Elbbrücken	485	U Strassburger Str	19,18
718	234	Elbbrücken	486	Streekbrücke	22,72
719	234	Elbbrücken	487	Tonndorf	8,54
720	234	Elbbrücken	488	Kressenweg	5,4
721	234	Elbbrücken	489	Langenfelder Damm	4,2
722	234	Elbbrücken	490	U Eppendorfer Baum	8,6
723	234	Elbbrücken	491	Olivaer Str	1,43
724	234	Elbbrücken	492	Grossheidestr	19,38
725	234	Elbbrücken	493	Kuddewörde	15,91
726	234	Elbbrücken	494	Berliner Platz	3,31
727	234	Elbbrücken	495	F-Ebert-Damm  (West)	4,41
728	234	Elbbrücken	496	Tannenberg (Hauptfri	7,18
729	234	Elbbrücken	497	U Alter Teichweg	1,49
730	234	Elbbrücken	498	Immenbusch	10,93
731	234	Elbbrücken	499	S Wandsbek Ost (Tonn	13,3
732	234	Elbbrücken	500	U Saarlandstr	3,55
733	234	Elbbrücken	501	Semperstr	17,47
734	234	Elbbrücken	502	Dorotheenstr	2,26
735	234	Elbbrücken	503	Wachtelstr	6,83
736	234	Elbbrücken	504	Löwenstr	8,46
737	234	Elbbrücken	505	U/S Barmbek	9,2
738	234	Elbbrücken	506	S Stellingen	7,3
739	234	Elbbrücken	507	Kümmellstr	18,09
740	234	Elbbrücken	508	Flurstrasse	10,78
741	234	Elbbrücken	509	Julius-Vosseler-Str	18,26
742	234	Elbbrücken	510	Egenbüttelweg	2,22
743	234	Elbbrücken	511	U Borgweg	2,62
744	234	Elbbrücken	512	U Sierichstr	1,34
745	234	Elbbrücken	513	Schulstr  Stellau	18,84
746	234	Elbbrücken	514	Sorenkoppel	1,1
747	234	Elbbrücken	515	Rausdorf (Ost)	11,37
748	234	Elbbrücken	516	Veilchenweg	6,7
749	234	Elbbrücken	517	HELLGRUNDWEG	3,43
750	234	Elbbrücken	518	Liliencronstr	4,04
751	234	Elbbrücken	519	Volksparkstr	4,86
752	234	Elbbrücken	520	Hellbrookstr	11,66
753	234	Elbbrücken	521	WACHTELWEG	3,96
754	234	Elbbrücken	522	Ebeersreye	7,27
755	234	Elbbrücken	523	Wilsonstr	0,36
756	234	Elbbrücken	524	Ortsamt Stellingen	6,38
757	234	Elbbrücken	525	Tilsiter Str	14,35
758	234	Elbbrücken	526	Hellbrookbrücke	4,15
759	234	Elbbrücken	527	Aneken	1,61
760	234	Elbbrücken	528	U Hagenbecks Tierpar	12,4
761	234	Elbbrücken	529	U Habichtstr	8,77
762	234	Elbbrücken	530	Stemmeshay	0,94
763	234	Elbbrücken	531	Eppendorf, Markt	3,51
764	234	Elbbrücken	532	Vosskulen	22,56
765	234	Elbbrücken	533	Farnhornweg	1,95
766	234	Elbbrücken	534	U Hudtwalckerstrasse	1,45
767	234	Elbbrücken	535	Lokstedter Weg	4,67
768	234	Elbbrücken	536	Kronshorst	11,37
769	234	Elbbrücken	537	Hermann-Kaufmann-Str	5,44
770	234	Elbbrücken	538	Waldwinkel	2,04
771	234	Elbbrücken	539	A/S Eidelstedt	2,8
772	234	Elbbrücken	540	Winterhude, Markt	7,06
773	234	Elbbrücken	541	Steinberg Wedel	1,05
774	234	Elbbrücken	542	Habichtplatz	18,59
775	234	Elbbrücken	543	Recknitzstr	5,17
776	234	Elbbrücken	544	Heinrich-Helbing-Str	9,6
777	234	Elbbrücken	545	Loher Str	5,44
778	234	Elbbrücken	546	Schillingsbekweg	21,83
779	234	Elbbrücken	547	Engelbrechtweg	7,45
780	234	Elbbrücken	548	Schubackstr	4,16
781	234	Elbbrücken	549	BAB Auffahrt Stellin	3,37
782	234	Elbbrücken	550	Gazellenkamp	3,1
783	234	Elbbrücken	551	Frickestr	2,08
784	234	Elbbrücken	552	Deelwisch	2,03
785	234	Elbbrücken	553	Hellbrookkamp	2,95
786	234	Elbbrücken	554	S Alte Wöhr	9,59
787	234	Elbbrücken	555	Wandsbeker Str.(Mitt	9,74
788	234	Elbbrücken	556	Ohlsdorfer Str	5,17
789	234	Elbbrücken	557	SCHENEFELD, PARKSTIE	6,26
790	234	Elbbrücken	558	Siemersplatz	3,96
791	234	Elbbrücken	559	Tunierstieg	10,43
792	234	Elbbrücken	560	Amtsstr	1,03
793	234	Elbbrücken	561	Langbargheide	2,94
794	234	Elbbrücken	562	Pinneberger Str, Wed	1,05
795	234	Elbbrücken	563	Jevenstedter Str	3,09
796	234	Elbbrücken	564	U Trabrennbahn	1,51
797	234	Elbbrücken	565	Jahnring (Mitte)	1,01
798	234	Elbbrücken	566	Paracelsusstr	4,82
799	234	Elbbrücken	567	AKH Barmbek	5,6
800	234	Elbbrücken	568	Uetersener Weg	4,42
801	234	Elbbrücken	569	U Lattenkamp	7,83
802	234	Elbbrücken	570	Nedderfeld (Ost)	2,92
803	234	Elbbrücken	571	Überseering (West)	7,75
804	234	Elbbrücken	572	Wandsbeker Str	10,43
805	234	Elbbrücken	573	Pulverhofsweg	1,92
806	234	Elbbrücken	574	Wilhelm-Grimm-Str	2,64
807	234	Elbbrücken	575	S Elbgaustr	6,57
808	234	Elbbrücken	576	Orchideenstieg	0,44
809	234	Elbbrücken	577	Nedderfeld (Kehre)	6,42
810	234	Elbbrücken	578	Karl-Müller-Ring	4,5
811	234	Elbbrücken	579	Langenfort	2,3
812	234	Elbbrücken	580	U Hagendeel	1,79
813	234	Elbbrücken	581	Fabriciusstr  (Mitte	11,27
814	234	Elbbrücken	582	Grelckstrasse	7,27
815	234	Elbbrücken	583	Rahlstedter Weg (Mit	3,32
816	234	Elbbrücken	584	Kapstadtring	8,66
817	234	Elbbrücken	585	Trittau, Rathaus	15,92
818	234	Elbbrücken	586	Grosslohe	4,68
819	234	Elbbrücken	587	BAUMLAEUFERWEG	5,53
820	234	Elbbrücken	588	Reichsbahnstr	3,2
821	234	Elbbrücken	589	Schenefeld, Jahnstr	6,24
822	234	Elbbrücken	590	Wilhelm-Metzger-Str	0,45
823	234	Elbbrücken	591	Rosenbrook	0,41
824	234	Elbbrücken	592	Trittau, Fehrsweg	15,91
825	234	Elbbrücken	593	Sydneystr	7,64
826	234	Elbbrücken	594	Niendorfer Gehege	2,31
827	234	Elbbrücken	595	Stapelfeld, Ort	11,36
828	234	Elbbrücken	596	S Rahlstedt	2,61
829	234	Elbbrücken	597	Sieker Landstr	2,55
830	234	Elbbrücken	598	Hebebrandstr	4,83
831	234	Elbbrücken	599	S Rübenkamp	14,24
832	234	Elbbrücken	600	Rahnstr	5,77
833	234	Elbbrücken	601	Hindenburgstr	7,69
834	234	Elbbrücken	602	Tegelweg	4,29
835	234	Elbbrücken	603	Ellernreihe (Mitte)	6,01
836	234	Elbbrücken	604	Inselstr	0,31
837	234	Elbbrücken	605	U Farmsen	2,52
838	234	Elbbrücken	606	Graf-Goltz-Kaserne	3,97
839	234	Elbbrücken	607	Fabriciusstr	2,26
840	234	Elbbrücken	608	Haffkruger Weg	4,09
841	234	Elbbrücken	609	Stapelf, Zur Windmüh	11,37
842	234	Elbbrücken	610	Eichenlohweg	5,16
843	234	Elbbrücken	611	Alter Zollweg	4,06
844	234	Elbbrücken	612	Niendorfer Str	7,35
845	234	Elbbrücken	613	Stavenhagenstr	23,48
846	234	Elbbrücken	614	Lohkampstr 45	3,86
847	234	Elbbrücken	615	Alfred-Mahlau-Weg	5,54
848	234	Elbbrücken	616	A Eidelstedt Ost	2,56
849	234	Elbbrücken	617	Gründgensstr (West)	5,36
850	234	Elbbrücken	618	Warnckesweg	1,29
851	234	Elbbrücken	619	Sengelmannstr.	5,07
852	234	Elbbrücken	620	Rönkkoppel	5,41
853	234	Elbbrücken	621	Pflugacker	2,63
854	234	Elbbrücken	622	Vogt-Cordes-Damm	1,97
855	234	Elbbrücken	623	Schmuckshöhe	1,95
856	234	Elbbrücken	624	Feldschmiede	0,53
857	234	Elbbrücken	625	Bramfeld, Dorfplatz	5,8
858	234	Elbbrücken	626	Hallenbad Bramfeld	2,54
859	234	Elbbrücken	627	Meilsdorfer Damm	11,37
860	234	Elbbrücken	628	Feldrosenweg	3,37
861	234	Elbbrücken	629	Erich-Ziegel-Ring	5,28
862	234	Elbbrücken	630	Eichwischen	0,65
863	234	Elbbrücken	631	Wiebischenkamp	2,29
864	234	Elbbrücken	632	Greifenberger Str	3,7
865	234	Elbbrücken	633	Am Licentiatenberg	0,39
866	234	Elbbrücken	634	S Krupunder	6,93
867	234	Elbbrücken	635	Stiftung Alsterdorf	4,16
868	234	Elbbrücken	636	Alsterkrugch. (Mitte	5,76
869	234	Elbbrücken	637	Bargteheider Str	2,54
870	234	Elbbrücken	638	Halstenbek, Dockenh.	6,62
871	234	Elbbrücken	639	U Niendorf-Markt	24,51
872	234	Elbbrücken	640	Hermelinweg	0,44
873	234	Elbbrücken	641	Halstenbeker Stieg	3,69
874	234	Elbbrücken	642	Furchenacker	2,39
875	234	Elbbrücken	643	Neusurenland	0,49
876	234	Elbbrücken	644	Berner Chaussee	5,68
877	234	Elbbrücken	645	Bramfeld See	5,16
878	234	Elbbrücken	646	Lufthansa-Werft	0,4
879	234	Elbbrücken	647	Trittau Nordschule	15,92
880	234	Elbbrücken	648	Kapelle  4	2,83
881	234	Elbbrücken	649	Rauchschwalbenweg	4,85
882	234	Elbbrücken	650	Röntgenstr	2,54
883	234	Elbbrücken	651	Fahrenkrön	8,06
884	234	Elbbrücken	652	U/S Ohlsdorf	5,71
885	234	Elbbrücken	653	Pfefferberg, oben	11,37
886	234	Elbbrücken	654	Schneehuhnkamp	3,56
887	234	Elbbrücken	655	Fuhlsbütteler Weg	2,21
888	234	Elbbrücken	656	Busbrookhöhe	0,47
889	234	Elbbrücken	657	Bindfeldweg	2,23
890	234	Elbbrücken	658	Sandkrugweg	1,98
891	234	Elbbrücken	659	Eidelstedter Brook	3,5
892	234	Elbbrücken	660	Krieger-Ehrenallee	2,34
893	234	Elbbrücken	661	Herzog-Bruno-Weg	2,21
894	234	Elbbrücken	662	Kapelle  9	3,28
895	234	Elbbrücken	663	Karlshöhe	5,56
896	234	Elbbrücken	664	S Halstenbek	3,58
897	234	Elbbrücken	665	U Klein Borstel	1,92
898	234	Elbbrücken	666	Puckholm	4,43
899	234	Elbbrücken	667	Bramfeld, Maisredder	3,29
900	234	Elbbrücken	668	Trittau, Bahnhof	19,15
901	234	Elbbrücken	669	Gumbinner Kehre	5,72
902	234	Elbbrücken	670	U Berne	4,97
903	234	Elbbrücken	671	Sellhopsweg	0,23
904	234	Elbbrücken	672	Halstenbek, Laubenst	3,17
905	234	Elbbrücken	673	U Joachim-Mähl-Str	2,19
906	234	Elbbrücken	674	Umweltz. Karlshöhe	5,66
907	234	Elbbrücken	675	Bargkoppelweg	1,81
908	234	Elbbrücken	676	Hummelsb Landstr	1,31
909	234	Elbbrücken	677	Im Ginsterbusch	4,37
910	234	Elbbrücken	678	Helvetierweg	5,93
911	234	Elbbrücken	679	Plattenfoort	0,19
912	234	Elbbrücken	680	Etzestraße	8,4
913	234	Elbbrücken	681	Wählingsallee	4,2
914	234	Elbbrücken	682	Albertinen-Krankenha	11,81
915	234	Elbbrücken	683	Wildschwanbrook (Mit	1,33
916	234	Elbbrücken	684	Wendlohstr	2,6
917	234	Elbbrücken	685	U Fuhlsbüttel	1,29
918	234	Elbbrücken	686	S Kornweg	3,8
919	234	Elbbrücken	687	Halstenbek, Friedens	3,16
920	234	Elbbrücken	688	Preetzer Str	3,8
921	234	Elbbrücken	689	Siek, Alte Landstr	11,59
922	234	Elbbrücken	690	Waldingstr	3,36
923	234	Elbbrücken	691	U Schippelsweg	9,83
924	234	Elbbrücken	692	Von-Suppe-Str	1,29
925	234	Elbbrücken	693	Ohkampring	1
926	234	Elbbrücken	694	S Hoheneichen	4,38
927	234	Elbbrücken	695	Modecentrum	3,8
928	234	Elbbrücken	696	Pinneberg, Hogenkamp	12,56
929	234	Elbbrücken	697	Lütjensee, Strandweg	11,37
930	234	Elbbrücken	698	Nektarweg	0,6
931	234	Elbbrücken	699	Wagrierweg	7,09
932	234	Elbbrücken	700	U Niendorf-Nord	2,94
933	234	Elbbrücken	701	Scheelring	3,14
934	234	Elbbrücken	702	Hummelsb Hauptstr	1,78
935	234	Elbbrücken	703	Ellerbek, Heidkoppel	4,95
936	234	Elbbrücken	704	U Fuhlsbüttel-Nord	1,88
937	234	Elbbrücken	705	U Meiendorfer Weg	1,63
938	234	Elbbrücken	706	S Wellingsbüttel	2,38
939	234	Elbbrücken	707	Rolfinckstr	1,88
940	234	Elbbrücken	708	Am Gehöckel	1,69
941	234	Elbbrücken	709	Grotkoppelweg	3,87
942	234	Elbbrücken	710	Mellande	1,88
943	234	Elbbrücken	711	S Thesdorf	2,73
944	234	Elbbrücken	712	Alter Berner Weg	3,24
945	234	Elbbrücken	713	Poppenbütteler Stieg	1,82
946	234	Elbbrücken	714	Rellingen, Am Gedenk	4,43
947	234	Elbbrücken	715	Pommernweg	5,22
948	234	Elbbrücken	716	Pinneberg, Jahnhalle	5,72
949	234	Elbbrücken	717	A Burgwedel	3,74
950	234	Elbbrücken	718	Anna-Susanna-Stieg	3,15
951	234	Elbbrücken	719	Lademannbogen	0,93
952	234	Elbbrücken	720	Burgweg	0,43
953	234	Elbbrücken	721	Dorfstr  Grönwohld	11,37
954	234	Elbbrücken	722	Frahmredder	2,36
955	234	Elbbrücken	723	Ermlandweg	1,83
956	234	Elbbrücken	724	Moorreye	2,06
957	234	Elbbrücken	725	Rittmerskamp	2,92
958	234	Elbbrücken	726	Ellerbek, Dorfstr	1,49
959	234	Elbbrücken	727	Goldröschenweg	2
960	234	Elbbrücken	728	Am Schulwald	1,95
961	234	Elbbrücken	729	Eulenkrugstr	0,76
962	234	Elbbrücken	730	Schulz. Schmalenbeck	21,39
963	234	Elbbrücken	731	Buchenstieg	2,09
964	234	Elbbrücken	732	Rellingen, Rosenhof	1,96
965	234	Elbbrücken	733	Saseler Kamp	4,67
966	234	Elbbrücken	734	Alstertal-Einkaufsze	4,68
967	234	Elbbrücken	735	Pinneberg, H-Lange-S	11,94
968	234	Elbbrücken	736	S Pinneberg	4,48
969	234	Elbbrücken	737	Alte Landstr (Nord)	1,71
970	234	Elbbrücken	738	Halenreie	0,29
971	234	Elbbrücken	739	Sasel, Markt	3,34
972	234	Elbbrücken	740	Wesselstraat	1,25
973	234	Elbbrücken	741	Rellingen, Holstenst	2,73
974	234	Elbbrücken	742	U Schmalenbeck	21,39
975	234	Elbbrücken	743	Schule Wöhrend (Kehr	21,39
976	234	Elbbrücken	744	Hoisdorf , Bahnhof	11,37
977	234	Elbbrücken	745	Gussau	2,06
978	234	Elbbrücken	746	Wördenmoorweg	1,22
979	234	Elbbrücken	747	Schulbergredder	4,13
980	234	Elbbrücken	748	Suckweg	1,2
981	234	Elbbrücken	749	Högenkamp	1,22
982	234	Elbbrücken	750	Rellingen, Lee-Dieks	1,49
983	234	Elbbrücken	751	Rögenweg	0,21
984	234	Elbbrücken	752	Pinneberg, Waldstr	2,73
985	234	Elbbrücken	753	U Langenhorn-Nord	1,46
986	234	Elbbrücken	754	Nordstrand	11,37
987	234	Elbbrücken	755	U Ahrensburg-Ost	0,65
988	234	Elbbrücken	756	Iland	1,75
989	234	Elbbrücken	757	Feldblumenweg	1,63
990	234	Elbbrücken	758	A Bönningstedt	5,02
991	234	Elbbrücken	759	Poppenbüttel, Markt	5,5
992	234	Elbbrücken	760	Garstedt, Ohe	8,06
993	234	Elbbrücken	761	U Buckhorn	3,45
994	234	Elbbrücken	762	Schmalenb,Park Manha	21,39
995	234	Elbbrücken	763	Am Neuen Teich	1,44
996	234	Elbbrücken	764	Jäckbornsweg	21,56
997	234	Elbbrücken	765	Ulzburger Str	2,08
998	234	Elbbrücken	766	Aspelohe Garstedt	8,07
999	234	Elbbrücken	767	AKH Ochsenzoll	1,61
1000	234	Elbbrücken	768	Amt Pinneberg	5,14
1001	234	Elbbrücken	769	Manhagener Allee	0,48
1002	234	Elbbrücken	770	In de Tarpen	3,08
1003	234	Elbbrücken	771	S Ahrensburg	2,84
1004	234	Elbbrücken	772	Ohlendorffs Tannen	2,04
1005	234	Elbbrücken	773	S Prisdorf	3,02
1006	234	Elbbrücken	774	Bergstedt, Markt	2,04
1007	234	Elbbrücken	775	Dortmunder Str	1,65
1008	234	Elbbrücken	776	AKH Heidberg	0,86
1009	234	Elbbrücken	777	Drosselstieg	1,47
1010	234	Elbbrücken	778	Stormarnplatz	0,46
1011	234	Elbbrücken	779	U Kiwittsmoor	1,37
1012	234	Elbbrücken	780	Tangstedt, Ortseinga	1,28
1013	234	Elbbrücken	781	Rügelsbarg	3,26
1014	234	Elbbrücken	782	U Ochsenzoll	2,38
1015	234	Elbbrücken	783	Wulfsdorfer Weg	0,85
1016	234	Elbbrücken	784	Schwarzer Weg Garste	8,11
1017	234	Elbbrücken	785	Kuhredder	5,15
1018	234	Elbbrücken	786	Fritz-Reuter-Str	0,46
1019	234	Elbbrücken	787	U Hoisbüttel	1,56
1020	234	Elbbrücken	788	Am Weinberg	0,46
1021	234	Elbbrücken	789	Beerbuschredder	1,76
1022	234	Elbbrücken	790	Am Böhmerwald	0,64
1023	234	Elbbrücken	791	A/U Garstedt	2,38
1024	234	Elbbrücken	792	HANS-BOECKLER-RING	1,48
1025	234	Elbbrücken	793	Glashütter Kirchenwe	0,6
1026	234	Elbbrücken	794	Lindenhof	0,52
1027	234	Elbbrücken	795	Tannenhof	2,35
1028	234	Elbbrücken	796	Kurt-Fischer-Str	39,79
1029	234	Elbbrücken	797	Rosenhof Ahrensburg	1,41
1030	234	Elbbrücken	798	Hoisbüttel, Lehmkuhl	1,57
1031	234	Elbbrücken	799	Kummerfeld, Wiesengr	1,28
1032	234	Elbbrücken	800	Kohfurth	0,53
1033	234	Elbbrücken	801	Bünningstedt, Ortsmi	0,21
1034	234	Elbbrücken	802	A Hasloh	5,02
1035	234	Elbbrücken	803	U Ohlstedt	3,27
1036	234	Elbbrücken	804	S Tornesch	5,77
1037	234	Elbbrücken	805	Forstweg Harksheide	1,39
1038	234	Elbbrücken	806	Glashütter Damm	0,64
1039	234	Elbbrücken	807	Buchenweg Nordersted	0,4
1040	234	Elbbrücken	808	Hohenraden, Roffloh	1,28
1041	234	Elbbrücken	809	Bökenbarg	4,52
1042	234	Elbbrücken	810	Rathaus Norderstedt	1,63
1043	234	Elbbrücken	811	Alter Kirchenweg (Ra	0,4
1044	234	Elbbrücken	812	Glashütte, Siegfried	1,48
1045	234	Elbbrücken	813	Siedlung Bramkamp/Re	1,57
1046	234	Elbbrücken	814	Romintener Weg	1,04
1047	234	Elbbrücken	815	Rugenranzel	1,07
1048	234	Elbbrücken	816	A Moorbekhalle	0,47
1049	234	Elbbrücken	817	Grootkoppelstr	0,8
1050	234	Elbbrücken	818	A Quickborn Süd	4,68
1051	234	Elbbrücken	819	A Friedrichsgabe	0,35
1052	234	Elbbrücken	820	Pestalozzistr	0,4
1053	234	Elbbrücken	821	Wulksfelde	0,83
1054	234	Elbbrücken	822	Quickborn, Kirche	4,62
1055	234	Elbbrücken	823	Gewerbeg.Harksh.(Süd	0,4
1056	234	Elbbrücken	824	Tangstedt, Herrendam	0,62
1057	234	Elbbrücken	825	A Quickborner Str	0,68
1058	234	Elbbrücken	826	Wilstedt, Waldstr	0,27
1059	234	Elbbrücken	827	Quickborner Heide, F	2,32
1060	234	Elbbrücken	828	Bargteheide	26,14
1061	234	Elbbrücken	829	A Haslohfurt	0,83
1062	234	Elbbrücken	830	Rhen, Paracelsus-Kli	0,59
1063	234	Elbbrücken	831	Quickb.Heide, Schmie	1,81
1064	234	Elbbrücken	832	A/S Elmshorn	4,76
1065	234	Elbbrücken	833	Lerchenweg Quickborn	2,48
1066	234	Elbbrücken	834	v/nElmshorn	3,86
1067	234	Elbbrücken	835	Bilsen, Waldfrieden	2,4
1068	234	Elbbrücken	836	Kupfermühle	13,96
1069	234	Elbbrücken	837	Hemdingen, Beiderwan	1,93
1070	234	Elbbrücken	838	A Ulzburg Süd	2,46
1071	234	Elbbrücken	839	Ulzburg, Birkenhof	1,1
1072	234	Elbbrücken	840	A Sparrieshoop	2,91
1073	234	Elbbrücken	841	Ulzburg, Kirche	1,1
1074	234	Elbbrücken	842	A Vossloch	2,91
1075	234	Elbbrücken	843	Heeder Damm	6,64
1076	234	Elbbrücken	844	Henstedt, Schäferber	0,76
1077	234	Elbbrücken	845	A Alveslohe	1,55
1078	234	Elbbrücken	846	A Ulzburg	1,15
1079	234	Elbbrücken	847	Bad Oldesloe	104,54
1080	234	Elbbrücken	848	Horst	3,88
1081	234	Elbbrücken	849	Kisdorfer Mühle	0,98
1082	234	Elbbrücken	850	Dradenau	2,56
1083	234	Elbbrücken	851	Kattwykdamm	12,42
1084	234	Elbbrücken	852	Jehrden	2,95
1085	234	Elbbrücken	853	Groß Moor	4,89
1086	234	Elbbrücken	854	Fünfhausen	15,61
1087	234	Elbbrücken	855	Beckedorf	4,82
1088	234	Elbbrücken	856	Marmstorf	20,32
1089	234	Elbbrücken	857	Quickborn Ost	2,62
1090	234	Elbbrücken	858	Riepenburg	1,63
1091	234	Elbbrücken	859	Witzhave	9,9
1092	234	Elbbrücken	860	Rümpel	13,96
1093	234	Elbbrücken	861	Lasbek	13,97
1094	234	Elbbrücken	862	Elmenhorst	0,45
1095	234	Elbbrücken	863	Delingsdorf	0,24
1096	234	Elbbrücken	864	Wakendorf II	0,33
1097	234	Elbbrücken	865	Lütjensee	11,37
1098	234	Elbbrücken	866	Achtern Diek	11,37
1099	234	Elbbrücken	867	Kayhude	0,77
1100	234	Elbbrücken	868	Krümmel	3,95
1101	234	Elbbrücken	869	Brraker Grund	11,37
1102	234	Elbbrücken	870	Neukloster	25,64
1103	234	Elbbrücken	871	Horneburg	43,23
1104	234	Elbbrücken	872	Dollern	11,93
1105	234	Elbbrücken	873	Agathenburg	50,36
1106	234	Elbbrücken	874	Stade	96,5
1107	234	Elbbrücken	875	Kaltenkirchen Süd	37,32
1108	234	Elbbrücken	876	Kaltenkirchen Mitte	0,45
1109	234	Elbbrücken	877	Holstentherme	0,26
1110	234	Elbbrücken	878	dodenhof	0,26
1111	234	Elbbrücken	879	Nützen	0,26
1112	234	Elbbrücken	880	Lentföhrden	0,26
1113	234	Elbbrücken	881	Bad Bramstedt Kurhaus	0,26
1114	234	Elbbrücken	882	Bad Bramstedt	0,26
1115	234	Elbbrücken	883	Wiemersdorf	0,26
1116	234	Elbbrücken	884	Großenaspe	0,26
1117	234	Elbbrücken	885	Boostedt	0,26
1118	234	Elbbrücken	886	Neumünster Süd	0,26
1119	234	Elbbrücken	887	Neumünster	1,31
1120	234	Elbbrücken	888	Pollhof	1,21
1121	234	Elbbrücken	889	Curslack Nord	1,23
1122	234	Elbbrücken	890	Neuengamme Kirche	1,19
1123	234	Elbbrücken	891	Neuengamme, Bei der blauen Brücke	1,21
1124	234	Elbbrücken	892	Neuengamme KZ-Gedenkstätte	1,25
1125	234	Elbbrücken	893	Neuengamme, Windpark	1,22
1126	234	Elbbrücken	894	Neuengamme, Elbdeich	1,22
1127	234	Elbbrücken	895	Altengamme, Gemeindehaus	1,21
1128	234	Elbbrücken	896	Altengammer Hauptdeich	5,14
1129	234	Elbbrücken	897	Borghorst	1,22
1130	234	Elbbrücken	898	Neuengammer Heerweg	1,26
1131	234	Elbbrücken	899	Neuengammer Hinterdeich	1,18
1132	234	Elbbrücken	900	Neuengamme Kiebitzdeich	1,23
1133	234	Elbbrücken	901	West-Krauel	4,96
1134	234	Elbbrücken	902	Kirchwerder Schule	1,99
1135	234	Elbbrücken	903	Kirchwerder	1,7
1136	234	Elbbrücken	904	Teufelsort	1,75
1137	234	Elbbrücken	905	Zollenspieker Schule	1,65
1138	234	Elbbrücken	906	Zollenspieker	6,45
1139	234	Elbbrücken	907	Lütjenburg / Sande	4,72
1140	234	Elbbrücken	908	Süderquerweg	1,22
1141	234	Elbbrücken	909	Norderquerweg	1,59
1142	234	Elbbrücken	910	Achterdiekbrücke	1,59
1143	234	Elbbrücken	911	Schule Curslack	1,24
1144	234	Elbbrücken	912	Rieck-Museum	1,59
1145	234	Elbbrücken	913	Neuengamme, Kirchwerder Landweg	1,6
1146	234	Elbbrücken	914	Kirchwerder Hausdeich	1,6
1147	234	Elbbrücken	915	Fersenweg	1,64
1148	234	Elbbrücken	916	Wraust	1,21
1149	234	Elbbrücken	917	Fünfhausen Schule	1,24
1150	234	Elbbrücken	918	Durchdeich	1,04
1151	234	Elbbrücken	919	Reitbrook Hinterdeich	1,03
1152	234	Elbbrücken	920	Krapphofschleuse	1,06
1153	234	Elbbrücken	921	Neu-Allermöhe Süd	12,11
1154	234	Elbbrücken	922	See Hinterm Horn	1,04
1155	234	Elbbrücken	923	Reitbrooker Mühle	1,06
1156	234	Elbbrücken	924	Eichbaumsee	4,78
1157	234	Elbbrücken	925	Hohedeich	1,21
1158	234	Elbbrücken	926	Fünfhausen, Siedlung	1,23
1159	234	Elbbrücken	927	Ochsenwerder Norderdeich	1,2
1160	234	Elbbrücken	928	Ochsenwerder Schule	1,25
1161	234	Elbbrücken	929	Gauert	1,19
1162	234	Elbbrücken	930	Ochsenwerder Dorferbogen	1,21
1163	234	Elbbrücken	931	Spadenland	1,2
1164	234	Elbbrücken	932	Gewerbegebiet Allermöhe West	4,75
1165	234	Elbbrücken	933	Moorfleet	2,47
1166	234	Elbbrücken	934	Pinkertweg	12,72
1167	235	Bubendey-Ufer	234	Elbbrücken	4,24
1168	236	Norderloch	234	Elbbrücken	186,59
1169	237	S Rothenburgsort	234	Elbbrücken	31,41
1170	238	HOCHHAUS,ANLEGER	234	Elbbrücken	9,29
1171	239	HafenCity/SAP	234	Elbbrücken	141,35
1172	240	HafenCity Ost	234	Elbbrücken	516,02
1173	241	HafenC/Dalmannkai	234	Elbbrücken	1320,5
1174	242	Billhorner Brückenst	234	Elbbrücken	51,71
1175	243	Eekholtesweg	234	Elbbrücken	21,58
1176	244	U Merkenstr	234	Elbbrücken	47,93
1177	245	Reclamstr	234	Elbbrücken	28,27
1178	246	Billstedter Hauptstr	234	Elbbrücken	23,57
1179	247	Glinder Berg	234	Elbbrücken	243,58
1180	248	HafenCity/HanseaticTC	234	Elbbrücken	112,65
1181	249	Magdeburger Hafen	234	Elbbrücken	105,39
1182	250	U Steinfurther Allee	234	Elbbrücken	33,26
1183	251	Billerhuder Insel	234	Elbbrücken	21,98
1184	252	Breiter Kamp	234	Elbbrücken	136,65
1185	253	Fährterminal (Englan	234	Elbbrücken	84,5
1186	254	Neumühlen/Övelgönne	234	Elbbrücken	173,19
1187	255	Oststeinbek, Ort	234	Elbbrücken	131,04
1188	256	Glinde, Markt	234	Elbbrücken	136,68
1189	257	Grüne Brücke	234	Elbbrücken	131,48
1190	258	Kohlbergen	234	Elbbrücken	145,31
1191	259	U Baumwall	234	Elbbrücken	81,88
1192	260	Neumühler Kirchenweg	234	Elbbrücken	181,37
1193	261	Speicherstadt	234	Elbbrücken	395,84
1194	262	Nagelsweg	234	Elbbrücken	51,34
1195	263	Fischmarkt	234	Elbbrücken	77,97
1196	264	U/S Landungsbrücken	234	Elbbrücken	91,04
1197	265	Holztwiete	234	Elbbrücken	67,13
1198	266	Halbmondsweg	234	Elbbrücken	19,42
1199	267	St. Pauli Hafenstr	234	Elbbrücken	90,44
1200	268	Glinde, Zeugamt	234	Elbbrücken	136,83
1201	269	Jenischhaus	234	Elbbrücken	30,62
1202	270	Lippeltstr	234	Elbbrücken	90,13
1203	271	Hohenzollernring(Süd	234	Elbbrücken	2,67
1204	272	Süderstr	234	Elbbrücken	69,11
1205	273	Liebermannstr	234	Elbbrücken	10,61
1206	274	S Königstr	234	Elbbrücken	32,59
1207	275	Schiffbeker Höhe	234	Elbbrücken	51,09
1208	276	Altona, Rathaus	234	Elbbrücken	29,59
1209	277	Horner Rampe	234	Elbbrücken	23,63
1210	278	U Rödingsmarkt	234	Elbbrücken	349,46
1211	279	Rothestr	234	Elbbrücken	7,42
1212	280	Domstr	234	Elbbrücken	244,06
1213	281	Vierbergen	234	Elbbrücken	115,69
1214	282	Luisenweg	234	Elbbrücken	98,19
1215	283	Diagonalstr	234	Elbbrücken	149,91
1216	284	Ohe, Am Sportplatz	234	Elbbrücken	54,51
1217	285	Neuschönn. Schule	234	Elbbrücken	72,41
1218	286	Sieberlingstr	234	Elbbrücken	64,08
1219	287	Philosophenweg	234	Elbbrücken	7,77
1220	288	U Steinstr	234	Elbbrücken	239,76
1221	289	S Reeperbahn	234	Elbbrücken	243,74
1222	290	Ausschläger Weg (Ver	234	Elbbrücken	101,13
1223	292	Adolphsplatz	234	Elbbrücken	85,51
1224	293	S Stadthausbrücke	234	Elbbrücken	472,69
1225	294	Bahrenfelder Str	234	Elbbrücken	17,96
1226	295	Michaeliskirche	234	Elbbrücken	157,22
1227	296	Grosse Bergstr	234	Elbbrücken	29,26
1228	297	Davidstr	234	Elbbrücken	188,39
1229	298	U St. Pauli	234	Elbbrücken	236,02
1230	299	U Rathaus Rathausmar	234	Elbbrücken	338,69
1231	300	Glinde, Friedhof	234	Elbbrücken	232,28
1232	301	Querkamp	234	Elbbrücken	0,03
1233	302	Borstelmannsweg	234	Elbbrücken	32,46
1234	303	Gerhart-Hauptmann-Pl	234	Elbbrücken	280,2
1235	304	Bf. Altona Gl 3-4	234	Elbbrücken	26,89
1236	305	Museum für Hambg Ges	234	Elbbrücken	104,3
1237	306	Culinstrasse	234	Elbbrücken	85,43
1238	307	Paul-Roosen-Str.	234	Elbbrücken	118,59
1239	308	Steintorwall/Hbf.	234	Elbbrücken	326,67
1240	309	Hbf./Steint (ZOB)	234	Elbbrücken	75,13
1241	310	Axel-Springer-Platz	234	Elbbrücken	58,47
1242	311	Bleickenallee	234	Elbbrücken	5,57
1243	312	Agathe-Lasch-Weg	234	Elbbrücken	1,61
1244	313	Parkstr/Kl Flottb We	234	Elbbrücken	3,85
1245	314	Hauptbahnhof/Kirchen	234	Elbbrücken	417,8
1246	315	U Jungfernstieg	234	Elbbrücken	493,73
1247	316	Nienstedten, Friedho	234	Elbbrücken	19,8
1248	317	U/S Berliner Tor	234	Elbbrücken	58,41
1249	318	Am Hirschpark	234	Elbbrücken	69,98
1250	319	Friedensallee	234	Elbbrücken	44,62
1251	320	W. Koch Stadion	234	Elbbrücken	40,37
1252	321	Borgfelder Str	234	Elbbrücken	42,66
1253	322	Friedhof Diebsteich	234	Elbbrücken	37,84
1254	323	J.-Brahms-Platz	234	Elbbrücken	154,47
1255	324	Sandkamp	234	Elbbrücken	48,65
1256	325	Hübbesweg	234	Elbbrücken	67,69
1257	326	Gerichtstr	234	Elbbrücken	32,94
1258	327	AKH Altona	234	Elbbrücken	4,07
1259	328	Rupertistr (Mitte)	234	Elbbrücken	18,71
1260	329	Ferdinandstor	234	Elbbrücken	173,37
1261	330	U Gänsemarkt	234	Elbbrücken	359,06
1262	331	Meriandamm	234	Elbbrücken	25,77
1263	332	Schröder Siedlung	234	Elbbrücken	60,45
1264	333	U Burgstr	234	Elbbrücken	94,37
1265	334	Sievekingplatz	234	Elbbrücken	48,09
1266	335	Beim Hammer Marktpla	234	Elbbrücken	21,59
1267	336	Charitas-B-Treppe	234	Elbbrücken	64,22
1268	337	Südeingang	234	Elbbrücken	9,74
1269	338	U Lohmühlenstr	234	Elbbrücken	160,33
1270	339	Thadenstr.(West)	234	Elbbrücken	36,68
1271	340	Jungestr	234	Elbbrücken	43
1272	341	U Feldstr	234	Elbbrücken	134,04
1273	342	Oesterleystr	234	Elbbrücken	62,09
1274	343	S Klein Flottbek	234	Elbbrücken	8,41
1275	344	O` Swaldstr.	234	Elbbrücken	4,66
1276	345	U Stephansplatz	234	Elbbrücken	756,12
1277	346	Stoltenstr	234	Elbbrücken	0,08
1278	347	S Bahrenfeld	234	Elbbrücken	31,76
1279	348	S Othmarschen	234	Elbbrücken	13,49
1280	349	Gurlittstr	234	Elbbrücken	107,46
1281	350	Godeffroystr	234	Elbbrücken	65,95
1282	351	Waseberg	234	Elbbrücken	62,04
1283	352	Neuer Pferdemarkt	234	Elbbrücken	18,97
1284	353	Hamburg Messe (Ostei	234	Elbbrücken	4,76
1285	354	U Lübecker Str	234	Elbbrücken	10,81
1286	355	Schützenstr (Süd)	234	Elbbrücken	6,43
1287	356	Caspar-Voght-Str	234	Elbbrücken	15,1
1288	357	S Hochkamp	234	Elbbrücken	16,06
1289	358	Saling	234	Elbbrücken	77,33
1290	359	BAB Auffahrt Horn	234	Elbbrücken	17,4
1291	360	Congress Centrum Ham	234	Elbbrücken	47,21
1292	361	Heinrich-Hertz-Turm	234	Elbbrücken	4,26
1293	362	Sternbrücke	234	Elbbrücken	33,93
1294	363	Sternbergweg	234	Elbbrücken	1,38
1295	364	Carl-Petersen-Str	234	Elbbrücken	8,72
1296	365	S Holstenstr	234	Elbbrücken	20,28
1297	366	Wilmans Park	234	Elbbrücken	66,34
1298	367	S Blankenese	234	Elbbrücken	133,41
1299	368	Dannerallee	234	Elbbrücken	0,04
1300	369	Schützenstr (Mitte)	234	Elbbrücken	3,73
1301	370	Kaltenkircher Platz	234	Elbbrücken	22,9
1302	371	Am Husarendenkmal	234	Elbbrücken	13,52
1303	372	Bornkampsweg	234	Elbbrücken	4,77
1304	373	Schulterblatt	234	Elbbrücken	35,43
1305	374	Fuchsbergredder	234	Elbbrücken	18,89
1306	375	Staatsbibliothek	234	Elbbrücken	40
1307	376	Böcklinstr	234	Elbbrücken	5,95
1308	377	Stemwarde, Bahnhofst	234	Elbbrücken	14,94
1309	378	Hemmingstedter Weg	234	Elbbrücken	5,51
1310	379	Graumannsweg	234	Elbbrücken	75,5
1311	380	Björnsonweg	234	Elbbrücken	65,01
1312	381	U Wartenau	234	Elbbrücken	78,11
1313	382	U/S Sternschanze	234	Elbbrücken	43,29
1314	383	Tietzestr	234	Elbbrücken	0,56
1315	384	U Uhlandstr	234	Elbbrücken	18,07
1316	385	Silcherstr	234	Elbbrücken	30,11
1317	386	Alsenplatz	234	Elbbrücken	11,23
1318	387	S Hasselbrook	234	Elbbrücken	32,23
1319	388	Fontenay	234	Elbbrücken	49,9
1320	389	Flottbeker Kirche	234	Elbbrücken	5,5
1321	390	S Diebsteich	234	Elbbrücken	8,48
1322	391	Augustenburger Str	234	Elbbrücken	9,55
1323	392	Grindelhof	234	Elbbrücken	104,93
1324	393	Uferstr	234	Elbbrücken	33,08
1325	394	Anne-Frank-Strasse	234	Elbbrücken	36,93
1326	395	Büchsenschinken	234	Elbbrücken	54,5
1327	396	Schlump/Bundesstr	234	Elbbrücken	24,06
1328	397	WEDEL,HANS-BOECKLER-	234	Elbbrücken	3,62
1329	398	Schulau, Fähre	234	Elbbrücken	4,15
1330	399	Fichtestrasse	234	Elbbrücken	33,53
1331	400	Hof Bockhorst	234	Elbbrücken	0,55
1332	401	U Christuskirche	234	Elbbrücken	19,48
1333	402	AKH Wandsbek	234	Elbbrücken	6,96
1334	403	ELBE-EINKAUFSZENTRUM	234	Elbbrücken	2,51
1335	404	Museum für Völkerkun	234	Elbbrücken	42,33
1336	405	Hammer Str	234	Elbbrücken	29,05
1337	406	Gymnasium Marienthal	234	Elbbrücken	8,66
1338	407	U Mundsburg	234	Elbbrücken	33,97
1339	408	Gustav-Adolf-Str	234	Elbbrücken	6,92
1340	409	S Wandsbek	234	Elbbrücken	7,87
1341	410	Flurkamp	234	Elbbrücken	2,08
1342	411	Tinsdaler Heideweg	234	Elbbrücken	7,87
1343	412	Fruchtallee	234	Elbbrücken	30,85
1344	413	Marlowring	234	Elbbrücken	3,32
1345	414	Bergredder	234	Elbbrücken	63,29
1346	415	Zum Hünengrab/Desy	234	Elbbrücken	3,34
1347	416	Wulfsdal	234	Elbbrücken	17,72
1348	417	Barsbütteler Stieg	234	Elbbrücken	19,45
1349	418	FRIEDHOF HOLSTENKAMP	234	Elbbrücken	25,41
1350	419	Bahrenfeld, Trabrenn	234	Elbbrücken	4,01
1351	420	Grindelberg	234	Elbbrücken	37,85
1352	421	Rodigallee (Ost)	234	Elbbrücken	28,2
1353	422	Darbovenstieg	234	Elbbrücken	9,07
1354	423	Parkallee	234	Elbbrücken	38,8
1355	424	Alsterchaussee	234	Elbbrücken	336,45
1356	425	Averhoffstr	234	Elbbrücken	71,44
1357	426	U Wandsbek-Markt	234	Elbbrücken	18,95
1358	427	Stemwarde, Ort	234	Elbbrücken	14,93
1359	428	Isfeldkamp	234	Elbbrücken	6,72
1360	429	Maxstrasse	234	Elbbrücken	24,43
1361	430	Industriestr (Nord)	234	Elbbrücken	1,39
1362	431	Schlankreye	234	Elbbrücken	31,28
1363	432	Jenfelder Str	234	Elbbrücken	25,95
1364	433	Josephstr.	234	Elbbrücken	34,48
1365	434	Schulweg	234	Elbbrücken	27,86
1366	435	Armbruststr	234	Elbbrücken	4,42
1367	436	Gluckstr	234	Elbbrücken	52,6
1368	437	Sandort	234	Elbbrücken	2,01
1369	438	Ernst-Barlach-Schule	234	Elbbrücken	5,02
1370	439	Wendemuthstr	234	Elbbrücken	6,98
1371	440	Postamt Am Neumarkt	234	Elbbrücken	8,22
1372	441	U Osterstr	234	Elbbrücken	22,41
1373	442	Beethovenstr	234	Elbbrücken	26,63
1374	443	Herwigredder	234	Elbbrücken	3,93
1375	444	Bismarckstr	234	Elbbrücken	26,1
1376	445	Oberstr	234	Elbbrücken	34,29
1377	446	S Friedrichsberg	234	Elbbrücken	51,4
1378	447	Apostelkirche	234	Elbbrücken	11,99
1379	448	Luruper Chaussee/Des	234	Elbbrücken	5,8
1380	449	U Hoheluftbrücke	234	Elbbrücken	33,16
1381	450	Sophienterasse	234	Elbbrücken	36,55
1382	451	Holzmühlenstr	234	Elbbrücken	12,47
1383	452	Achtern Styg	234	Elbbrücken	2
1384	453	Mühlenkamp/Hofweg	234	Elbbrücken	6,25
1385	454	Herderstr	234	Elbbrücken	30,12
1386	455	S Iserbrook	234	Elbbrücken	13,42
1387	456	S Sülldorf	234	Elbbrücken	3,58
1388	457	Lederstr	234	Elbbrücken	3,26
1389	458	Hogrevestr	234	Elbbrücken	6,68
1390	459	Eppendorfer Weg	234	Elbbrücken	12,95
1391	460	Glatzer Str	234	Elbbrücken	27,1
1392	461	Krankenhaus Rissen	234	Elbbrücken	3,73
1393	462	AKH Eilbek, Nordeing	234	Elbbrücken	8,57
1394	463	S Langenfelde	234	Elbbrücken	5,84
1395	464	Wandsbeker Allee	234	Elbbrücken	7,17
1396	465	Croningstr	234	Elbbrücken	5,02
1397	466	Kurfürstenstr	234	Elbbrücken	6,44
1398	467	S Wedel	234	Elbbrücken	19,69
1399	468	S Rissen	234	Elbbrücken	2,31
1400	469	Högenstr	234	Elbbrücken	11,77
1401	470	U Dehnhaide	234	Elbbrücken	50,42
1402	471	Liegnitzer Str	234	Elbbrücken	36,45
1403	472	Schimmelmannstr (Ost	234	Elbbrücken	11,14
1404	473	Walddörferstr	234	Elbbrücken	5,08
1405	474	Heerbrook	234	Elbbrücken	11,39
1406	475	Krausestr	234	Elbbrücken	60,36
1407	476	Am Brink	234	Elbbrücken	76,59
1408	477	Eidelstedter Weg	234	Elbbrücken	43,09
1409	478	Biedermannplatz	234	Elbbrücken	30,74
1410	479	Flachsland	234	Elbbrücken	7,32
1411	480	U Klosterstern	234	Elbbrücken	15,02
1412	481	U Lutterothstr	234	Elbbrücken	19,58
1413	482	Gertigstr	234	Elbbrücken	38,86
1414	483	Eppendorfer Weg (Ost	234	Elbbrücken	157,79
1415	484	Wedel, Markt	234	Elbbrücken	1,44
1416	485	U Strassburger Str	234	Elbbrücken	35
1417	486	Streekbrücke	234	Elbbrücken	62,53
1418	487	Tonndorf	234	Elbbrücken	14,67
1419	488	Kressenweg	234	Elbbrücken	3,34
1420	489	Langenfelder Damm	234	Elbbrücken	3,74
1421	490	U Eppendorfer Baum	234	Elbbrücken	25,25
1422	491	Olivaer Str	234	Elbbrücken	6,15
1423	492	Grossheidestr	234	Elbbrücken	10,99
1424	493	Kuddewörde	234	Elbbrücken	37,31
1425	494	Berliner Platz	234	Elbbrücken	13,61
1426	495	F-Ebert-Damm  (West)	234	Elbbrücken	5,11
1427	496	Tannenberg (Hauptfri	234	Elbbrücken	3,44
1428	497	U Alter Teichweg	234	Elbbrücken	9,09
1429	498	Immenbusch	234	Elbbrücken	9,83
1430	499	S Wandsbek Ost (Tonn	234	Elbbrücken	0,55
1431	500	U Saarlandstr	234	Elbbrücken	1,12
1432	501	Semperstr	234	Elbbrücken	38,22
1433	502	Dorotheenstr	234	Elbbrücken	12,8
1434	503	Wachtelstr	234	Elbbrücken	9,48
1435	504	Löwenstr	234	Elbbrücken	27,45
1436	505	U/S Barmbek	234	Elbbrücken	6,32
1437	506	S Stellingen	234	Elbbrücken	3,95
1438	507	Kümmellstr	234	Elbbrücken	68,94
1439	508	Flurstrasse	234	Elbbrücken	5,69
1440	509	Julius-Vosseler-Str	234	Elbbrücken	49,76
1441	510	Egenbüttelweg	234	Elbbrücken	4,96
1442	511	U Borgweg	234	Elbbrücken	1,79
1443	512	U Sierichstr	234	Elbbrücken	11,2
1444	513	Schulstr  Stellau	234	Elbbrücken	14,94
1445	514	Sorenkoppel	234	Elbbrücken	9,4
1446	515	Rausdorf (Ost)	234	Elbbrücken	8,69
1447	516	Veilchenweg	234	Elbbrücken	22,84
1448	517	HELLGRUNDWEG	234	Elbbrücken	2,95
1449	518	Liliencronstr	234	Elbbrücken	22,41
1450	519	Volksparkstr	234	Elbbrücken	2,42
1451	520	Hellbrookstr	234	Elbbrücken	9,03
1452	521	WACHTELWEG	234	Elbbrücken	2,47
1453	522	Ebeersreye	234	Elbbrücken	14,79
1454	523	Wilsonstr	234	Elbbrücken	0,55
1455	524	Ortsamt Stellingen	234	Elbbrücken	5,3
1456	525	Tilsiter Str	234	Elbbrücken	8,65
1457	526	Hellbrookbrücke	234	Elbbrücken	4,65
1458	527	Aneken	234	Elbbrücken	2,48
1459	528	U Hagenbecks Tierpar	234	Elbbrücken	11,56
1460	529	U Habichtstr	234	Elbbrücken	16,94
1461	530	Stemmeshay	234	Elbbrücken	1,92
1462	531	Eppendorf, Markt	234	Elbbrücken	7,9
1463	532	Vosskulen	234	Elbbrücken	13,84
1464	533	Farnhornweg	234	Elbbrücken	3,68
1465	534	U Hudtwalckerstrasse	234	Elbbrücken	9,14
1466	535	Lokstedter Weg	234	Elbbrücken	11,35
1467	536	Kronshorst	234	Elbbrücken	8,69
1468	537	Hermann-Kaufmann-Str	234	Elbbrücken	6,21
1469	538	Waldwinkel	234	Elbbrücken	1,88
1470	539	A/S Eidelstedt	234	Elbbrücken	4,09
1471	540	Winterhude, Markt	234	Elbbrücken	5,76
1472	541	Steinberg Wedel	234	Elbbrücken	0,99
1473	542	Habichtplatz	234	Elbbrücken	26,22
1474	543	Recknitzstr	234	Elbbrücken	3,66
1475	544	Heinrich-Helbing-Str	234	Elbbrücken	13,57
1476	545	Loher Str	234	Elbbrücken	5
1477	546	Schillingsbekweg	234	Elbbrücken	27,09
1478	547	Engelbrechtweg	234	Elbbrücken	7,55
1479	548	Schubackstr	234	Elbbrücken	18,78
1480	549	BAB Auffahrt Stellin	234	Elbbrücken	4,03
1481	550	Gazellenkamp	234	Elbbrücken	3,92
1482	551	Frickestr	234	Elbbrücken	11,46
1483	552	Deelwisch	234	Elbbrücken	2,01
1484	553	Hellbrookkamp	234	Elbbrücken	8,8
1485	554	S Alte Wöhr	234	Elbbrücken	7,71
1486	555	Wandsbeker Str.(Mitt	234	Elbbrücken	13,76
1487	556	Ohlsdorfer Str	234	Elbbrücken	4,43
1488	557	SCHENEFELD, PARKSTIE	234	Elbbrücken	6,26
1489	558	Siemersplatz	234	Elbbrücken	11,33
1490	559	Tunierstieg	234	Elbbrücken	4,23
1491	560	Amtsstr	234	Elbbrücken	1,91
1492	561	Langbargheide	234	Elbbrücken	5,72
1493	562	Pinneberger Str, Wed	234	Elbbrücken	0,99
1494	563	Jevenstedter Str	234	Elbbrücken	4,69
1495	564	U Trabrennbahn	234	Elbbrücken	1,72
1496	565	Jahnring (Mitte)	234	Elbbrücken	0,69
1497	566	Paracelsusstr	234	Elbbrücken	10,66
1498	567	AKH Barmbek	234	Elbbrücken	7,25
1499	568	Uetersener Weg	234	Elbbrücken	11,52
1500	569	U Lattenkamp	234	Elbbrücken	18,79
1501	570	Nedderfeld (Ost)	234	Elbbrücken	6,9
1502	571	Überseering (West)	234	Elbbrücken	15,99
1503	572	Wandsbeker Str	234	Elbbrücken	16,54
1504	573	Pulverhofsweg	234	Elbbrücken	4,73
1505	574	Wilhelm-Grimm-Str	234	Elbbrücken	5,36
1506	575	S Elbgaustr	234	Elbbrücken	4,06
1507	576	Orchideenstieg	234	Elbbrücken	9,68
1508	577	Nedderfeld (Kehre)	234	Elbbrücken	17,8
1509	578	Karl-Müller-Ring	234	Elbbrücken	7,79
1510	579	Langenfort	234	Elbbrücken	4,13
1511	580	U Hagendeel	234	Elbbrücken	3,29
1512	581	Fabriciusstr  (Mitte	234	Elbbrücken	16,06
1513	582	Grelckstrasse	234	Elbbrücken	29,48
1514	583	Rahlstedter Weg (Mit	234	Elbbrücken	8,79
1515	584	Kapstadtring	234	Elbbrücken	15,44
1516	585	Trittau, Rathaus	234	Elbbrücken	37,32
1517	586	Grosslohe	234	Elbbrücken	5,32
1518	587	BAUMLAEUFERWEG	234	Elbbrücken	5,71
1519	588	Reichsbahnstr	234	Elbbrücken	3,82
1520	589	Schenefeld, Jahnstr	234	Elbbrücken	5,18
1521	590	Wilhelm-Metzger-Str	234	Elbbrücken	9,93
1522	591	Rosenbrook	234	Elbbrücken	9,71
1523	592	Trittau, Fehrsweg	234	Elbbrücken	37,31
1524	593	Sydneystr	234	Elbbrücken	15,15
1525	594	Niendorfer Gehege	234	Elbbrücken	2,35
1526	595	Stapelfeld, Ort	234	Elbbrücken	8,68
1527	596	S Rahlstedt	234	Elbbrücken	6,79
1528	597	Sieker Landstr	234	Elbbrücken	3,22
1529	598	Hebebrandstr	234	Elbbrücken	4,72
1530	599	S Rübenkamp	234	Elbbrücken	46,28
1531	600	Rahnstr	234	Elbbrücken	8,94
1532	601	Hindenburgstr	234	Elbbrücken	6,3
1533	602	Tegelweg	234	Elbbrücken	8,14
1534	603	Ellernreihe (Mitte)	234	Elbbrücken	8,35
1535	604	Inselstr	234	Elbbrücken	7,66
1536	605	U Farmsen	234	Elbbrücken	0,84
1537	606	Graf-Goltz-Kaserne	234	Elbbrücken	5,83
1538	607	Fabriciusstr	234	Elbbrücken	4,25
1539	608	Haffkruger Weg	234	Elbbrücken	10,48
1540	609	Stapelf, Zur Windmüh	234	Elbbrücken	8,7
1541	610	Eichenlohweg	234	Elbbrücken	5,99
1542	611	Alter Zollweg	234	Elbbrücken	11,72
1543	612	Niendorfer Str	234	Elbbrücken	21,73
1544	613	Stavenhagenstr	234	Elbbrücken	18,8
1545	614	Lohkampstr 45	234	Elbbrücken	4,65
1546	615	Alfred-Mahlau-Weg	234	Elbbrücken	8,55
1547	616	A Eidelstedt Ost	234	Elbbrücken	10,42
1548	617	Gründgensstr (West)	234	Elbbrücken	6,12
1549	618	Warnckesweg	234	Elbbrücken	9,07
1550	619	Sengelmannstr.	234	Elbbrücken	9,31
1551	620	Rönkkoppel	234	Elbbrücken	8,57
1552	621	Pflugacker	234	Elbbrücken	2,88
1553	622	Vogt-Cordes-Damm	234	Elbbrücken	7,49
1554	623	Schmuckshöhe	234	Elbbrücken	2,87
1555	624	Feldschmiede	234	Elbbrücken	1,01
1556	625	Bramfeld, Dorfplatz	234	Elbbrücken	13,77
1557	626	Hallenbad Bramfeld	234	Elbbrücken	3,89
1558	627	Meilsdorfer Damm	234	Elbbrücken	8,7
1559	628	Feldrosenweg	234	Elbbrücken	4,32
1560	629	Erich-Ziegel-Ring	234	Elbbrücken	11,59
1561	630	Eichwischen	234	Elbbrücken	3,33
1562	631	Wiebischenkamp	234	Elbbrücken	5,89
1563	632	Greifenberger Str	234	Elbbrücken	10,66
1564	633	Am Licentiatenberg	234	Elbbrücken	8,97
1565	634	S Krupunder	234	Elbbrücken	5,77
1566	635	Stiftung Alsterdorf	234	Elbbrücken	11,37
1567	636	Alsterkrugch. (Mitte	234	Elbbrücken	4,55
1568	637	Bargteheider Str	234	Elbbrücken	5,01
1569	638	Halstenbek, Dockenh.	234	Elbbrücken	4,23
1570	639	U Niendorf-Markt	234	Elbbrücken	16,22
1571	640	Hermelinweg	234	Elbbrücken	0,82
1572	641	Halstenbeker Stieg	234	Elbbrücken	4,41
1573	642	Furchenacker	234	Elbbrücken	2,88
1574	643	Neusurenland	234	Elbbrücken	0,9
1575	644	Berner Chaussee	234	Elbbrücken	6,67
1576	645	Bramfeld See	234	Elbbrücken	7,89
1577	646	Lufthansa-Werft	234	Elbbrücken	4,53
1578	647	Trittau Nordschule	234	Elbbrücken	37,32
1579	648	Kapelle  4	234	Elbbrücken	2,04
1580	649	Rauchschwalbenweg	234	Elbbrücken	16,93
1581	650	Röntgenstr	234	Elbbrücken	8,79
1582	651	Fahrenkrön	234	Elbbrücken	7,21
1583	652	U/S Ohlsdorf	234	Elbbrücken	1,98
1584	653	Pfefferberg, oben	234	Elbbrücken	8,7
1585	654	Schneehuhnkamp	234	Elbbrücken	9,23
1586	655	Fuhlsbütteler Weg	234	Elbbrücken	8,28
1587	656	Busbrookhöhe	234	Elbbrücken	0,66
1588	657	Bindfeldweg	234	Elbbrücken	8,17
1589	658	Sandkrugweg	234	Elbbrücken	3,98
1590	659	Eidelstedter Brook	234	Elbbrücken	1,95
1591	660	Krieger-Ehrenallee	234	Elbbrücken	1,92
1592	661	Herzog-Bruno-Weg	234	Elbbrücken	8,3
1593	662	Kapelle  9	234	Elbbrücken	8,12
1594	663	Karlshöhe	234	Elbbrücken	5,21
1595	664	S Halstenbek	234	Elbbrücken	6,15
1596	665	U Klein Borstel	234	Elbbrücken	1,41
1597	666	Puckholm	234	Elbbrücken	6,38
1598	667	Bramfeld, Maisredder	234	Elbbrücken	8,07
1599	668	Trittau, Bahnhof	234	Elbbrücken	37,32
1600	669	Gumbinner Kehre	234	Elbbrücken	6,5
1601	670	U Berne	234	Elbbrücken	3,49
1602	671	Sellhopsweg	234	Elbbrücken	2,25
1603	672	Halstenbek, Laubenst	234	Elbbrücken	4,45
1604	673	U Joachim-Mähl-Str	234	Elbbrücken	10,68
1605	674	Umweltz. Karlshöhe	234	Elbbrücken	7,14
1606	675	Bargkoppelweg	234	Elbbrücken	2,58
1607	676	Hummelsb Landstr	234	Elbbrücken	1,19
1608	677	Im Ginsterbusch	234	Elbbrücken	0,2
1609	678	Helvetierweg	234	Elbbrücken	16,95
1610	679	Plattenfoort	234	Elbbrücken	0,4
1611	680	Etzestraße	234	Elbbrücken	5,1
1612	681	Wählingsallee	234	Elbbrücken	17,02
1613	682	Albertinen-Krankenha	234	Elbbrücken	2,27
1614	683	Wildschwanbrook (Mit	234	Elbbrücken	4,71
1615	684	Wendlohstr	234	Elbbrücken	8,08
1616	685	U Fuhlsbüttel	234	Elbbrücken	1,19
1617	686	S Kornweg	234	Elbbrücken	1,94
1618	687	Halstenbek, Friedens	234	Elbbrücken	4,45
1619	688	Preetzer Str	234	Elbbrücken	7,62
1620	689	Siek, Alte Landstr	234	Elbbrücken	8,7
1621	690	Waldingstr	234	Elbbrücken	8,27
1622	691	U Schippelsweg	234	Elbbrücken	36,28
1623	692	Von-Suppe-Str	234	Elbbrücken	3,55
1624	693	Ohkampring	234	Elbbrücken	1,23
1625	694	S Hoheneichen	234	Elbbrücken	9,81
1626	695	Modecentrum	234	Elbbrücken	16,5
1627	696	Pinneberg, Hogenkamp	234	Elbbrücken	13,98
1628	697	Lütjensee, Strandweg	234	Elbbrücken	8,69
1629	698	Nektarweg	234	Elbbrücken	0,29
1630	699	Wagrierweg	234	Elbbrücken	14,8
1631	700	U Niendorf-Nord	234	Elbbrücken	19,49
1632	701	Scheelring	234	Elbbrücken	13,07
1633	702	Hummelsb Hauptstr	234	Elbbrücken	2,26
1634	703	Ellerbek, Heidkoppel	234	Elbbrücken	32,67
1635	704	U Fuhlsbüttel-Nord	234	Elbbrücken	1,61
1636	705	U Meiendorfer Weg	234	Elbbrücken	4,03
1637	706	S Wellingsbüttel	234	Elbbrücken	10,06
1638	707	Rolfinckstr	234	Elbbrücken	4,76
1639	708	Am Gehöckel	234	Elbbrücken	1,31
1640	709	Grotkoppelweg	234	Elbbrücken	2,57
1641	710	Mellande	234	Elbbrücken	4,75
1642	711	S Thesdorf	234	Elbbrücken	7,79
1643	712	Alter Berner Weg	234	Elbbrücken	8,47
1644	713	Poppenbütteler Stieg	234	Elbbrücken	2,31
1645	714	Rellingen, Am Gedenk	234	Elbbrücken	6,17
1646	715	Pommernweg	234	Elbbrücken	1,94
1647	716	Pinneberg, Jahnhalle	234	Elbbrücken	8,52
1648	717	A Burgwedel	234	Elbbrücken	8,81
1649	718	Anna-Susanna-Stieg	234	Elbbrücken	13,26
1650	719	Lademannbogen	234	Elbbrücken	1,23
1651	720	Burgweg	234	Elbbrücken	1,22
1652	721	Dorfstr  Grönwohld	234	Elbbrücken	18
1653	722	Frahmredder	234	Elbbrücken	6,11
1654	723	Ermlandweg	234	Elbbrücken	4,3
1655	724	Moorreye	234	Elbbrücken	4,12
1656	725	Rittmerskamp	234	Elbbrücken	2,48
1657	726	Ellerbek, Dorfstr	234	Elbbrücken	1,84
1658	727	Goldröschenweg	234	Elbbrücken	2,54
1659	728	Am Schulwald	234	Elbbrücken	4,68
1660	729	Eulenkrugstr	234	Elbbrücken	15,89
1661	730	Schulz. Schmalenbeck	234	Elbbrücken	20,05
1662	731	Buchenstieg	234	Elbbrücken	6,1
1663	732	Rellingen, Rosenhof	234	Elbbrücken	1,81
1664	733	Saseler Kamp	234	Elbbrücken	9,06
1665	734	Alstertal-Einkaufsze	234	Elbbrücken	15,75
1666	735	Pinneberg, H-Lange-S	234	Elbbrücken	8,16
1667	736	S Pinneberg	234	Elbbrücken	8,39
1668	737	Alte Landstr (Nord)	234	Elbbrücken	1,82
1669	738	Halenreie	234	Elbbrücken	0,58
1670	739	Sasel, Markt	234	Elbbrücken	5,34
1671	740	Wesselstraat	234	Elbbrücken	1,87
1672	741	Rellingen, Holstenst	234	Elbbrücken	3,7
1673	742	U Schmalenbeck	234	Elbbrücken	20,05
1674	743	Schule Wöhrend (Kehr	234	Elbbrücken	20,05
1675	744	Hoisdorf , Bahnhof	234	Elbbrücken	8,7
1676	745	Gussau	234	Elbbrücken	5,81
1677	746	Wördenmoorweg	234	Elbbrücken	7,3
1678	747	Schulbergredder	234	Elbbrücken	6,95
1679	748	Suckweg	234	Elbbrücken	8,19
1680	749	Högenkamp	234	Elbbrücken	1,82
1681	750	Rellingen, Lee-Dieks	234	Elbbrücken	1,81
1682	751	Rögenweg	234	Elbbrücken	0,41
1683	752	Pinneberg, Waldstr	234	Elbbrücken	3,7
1684	753	U Langenhorn-Nord	234	Elbbrücken	8,62
1685	754	Nordstrand	234	Elbbrücken	8,7
1686	755	U Ahrensburg-Ost	234	Elbbrücken	13,32
1687	756	Iland	234	Elbbrücken	5,1
1688	757	Feldblumenweg	234	Elbbrücken	4,23
1689	758	A Bönningstedt	234	Elbbrücken	17,96
1690	759	Poppenbüttel, Markt	234	Elbbrücken	14,25
1691	760	Garstedt, Ohe	234	Elbbrücken	6,15
1692	761	U Buckhorn	234	Elbbrücken	1,86
1693	762	Schmalenb,Park Manha	234	Elbbrücken	20,06
1694	763	Am Neuen Teich	234	Elbbrücken	1,43
1695	764	Jäckbornsweg	234	Elbbrücken	22,07
1696	765	Ulzburger Str	234	Elbbrücken	2,88
1697	766	Aspelohe Garstedt	234	Elbbrücken	6,15
1698	767	AKH Ochsenzoll	234	Elbbrücken	3,44
1699	768	Amt Pinneberg	234	Elbbrücken	7,01
1700	769	Manhagener Allee	234	Elbbrücken	17,13
1701	770	In de Tarpen	234	Elbbrücken	4,81
1702	771	S Ahrensburg	234	Elbbrücken	35,93
1703	772	Ohlendorffs Tannen	234	Elbbrücken	5,5
1704	773	S Prisdorf	234	Elbbrücken	5,75
1705	774	Bergstedt, Markt	234	Elbbrücken	4,55
1706	775	Dortmunder Str	234	Elbbrücken	3,51
1707	776	AKH Heidberg	234	Elbbrücken	3,29
1708	777	Drosselstieg	234	Elbbrücken	1,73
1709	778	Stormarnplatz	234	Elbbrücken	14,93
1710	779	U Kiwittsmoor	234	Elbbrücken	3,73
1711	780	Tangstedt, Ortseinga	234	Elbbrücken	1,82
1712	781	Rügelsbarg	234	Elbbrücken	6,62
1713	782	U Ochsenzoll	234	Elbbrücken	1,31
1714	783	Wulfsdorfer Weg	234	Elbbrücken	1,45
1715	784	Schwarzer Weg Garste	234	Elbbrücken	6,17
1716	785	Kuhredder	234	Elbbrücken	10,57
1717	786	Fritz-Reuter-Str	234	Elbbrücken	14,93
1718	787	U Hoisbüttel	234	Elbbrücken	3,86
1719	788	Am Weinberg	234	Elbbrücken	14,93
1720	789	Beerbuschredder	234	Elbbrücken	4,24
1721	790	Am Böhmerwald	234	Elbbrücken	1,53
1722	791	A/U Garstedt	234	Elbbrücken	2,8
1723	792	HANS-BOECKLER-RING	234	Elbbrücken	1,4
1724	793	Glashütter Kirchenwe	234	Elbbrücken	3,75
1725	794	Lindenhof	234	Elbbrücken	1,27
1726	795	Tannenhof	234	Elbbrücken	4,15
1727	796	Kurt-Fischer-Str	234	Elbbrücken	45,24
1728	797	Rosenhof Ahrensburg	234	Elbbrücken	44,68
1729	798	Hoisbüttel, Lehmkuhl	234	Elbbrücken	3,32
1730	799	Kummerfeld, Wiesengr	234	Elbbrücken	1,82
1731	800	Kohfurth	234	Elbbrücken	1,28
1732	801	Bünningstedt, Ortsmi	234	Elbbrücken	6,54
1733	802	A Hasloh	234	Elbbrücken	17,96
1734	803	U Ohlstedt	234	Elbbrücken	7,02
1735	804	S Tornesch	234	Elbbrücken	8,21
1736	805	Forstweg Harksheide	234	Elbbrücken	3,28
1737	806	Glashütter Damm	234	Elbbrücken	1,53
1738	807	Buchenweg Nordersted	234	Elbbrücken	0,8
1739	808	Hohenraden, Roffloh	234	Elbbrücken	1,82
1740	809	Bökenbarg	234	Elbbrücken	11,18
1741	810	Rathaus Norderstedt	234	Elbbrücken	11,05
1742	811	Alter Kirchenweg (Ra	234	Elbbrücken	0,8
1743	812	Glashütte, Siegfried	234	Elbbrücken	1,4
1744	813	Siedlung Bramkamp/Re	234	Elbbrücken	2,5
1745	814	Romintener Weg	234	Elbbrücken	1,92
1746	815	Rugenranzel	234	Elbbrücken	1,3
1747	816	A Moorbekhalle	234	Elbbrücken	0,64
1748	817	Grootkoppelstr	234	Elbbrücken	1,92
1749	818	A Quickborn Süd	234	Elbbrücken	11,09
1750	819	A Friedrichsgabe	234	Elbbrücken	0,64
1751	820	Pestalozzistr	234	Elbbrücken	0,8
1752	821	Wulksfelde	234	Elbbrücken	2,08
1753	822	Quickborn, Kirche	234	Elbbrücken	11,5
1754	823	Gewerbeg.Harksh.(Süd	234	Elbbrücken	0,8
1755	824	Tangstedt, Herrendam	234	Elbbrücken	0,62
1756	825	A Quickborner Str	234	Elbbrücken	2
1757	826	Wilstedt, Waldstr	234	Elbbrücken	0,68
1758	827	Quickborner Heide, F	234	Elbbrücken	11,43
1759	828	Bargteheide	234	Elbbrücken	64,37
1760	829	A Haslohfurt	234	Elbbrücken	2,84
1761	830	Rhen, Paracelsus-Kli	234	Elbbrücken	2,96
1762	831	Quickb.Heide, Schmie	234	Elbbrücken	9,14
1763	832	A/S Elmshorn	234	Elbbrücken	21,35
1764	833	Lerchenweg Quickborn	234	Elbbrücken	8,25
1765	834	v/nElmshorn	234	Elbbrücken	5,46
1766	835	Bilsen, Waldfrieden	234	Elbbrücken	4,13
1767	836	Kupfermühle	234	Elbbrücken	11,75
1768	837	Hemdingen, Beiderwan	234	Elbbrücken	1,4
1769	838	A Ulzburg Süd	234	Elbbrücken	9,24
1770	839	Ulzburg, Birkenhof	234	Elbbrücken	4,09
1771	840	A Sparrieshoop	234	Elbbrücken	3,74
1772	841	Ulzburg, Kirche	234	Elbbrücken	4,11
1773	842	A Vossloch	234	Elbbrücken	3,74
1774	843	Heeder Damm	234	Elbbrücken	8,19
1775	844	Henstedt, Schäferber	234	Elbbrücken	2,67
1776	845	A Alveslohe	234	Elbbrücken	7,12
1777	846	A Ulzburg	234	Elbbrücken	3,72
1778	847	Bad Oldesloe	234	Elbbrücken	130,06
1779	848	Horst	234	Elbbrücken	4,33
1780	849	Kisdorfer Mühle	234	Elbbrücken	4,14
1781	850	Dradenau	234	Elbbrücken	3,79
1782	851	Kattwykdamm	234	Elbbrücken	16,18
1783	852	Jehrden	234	Elbbrücken	4,18
1784	853	Groß Moor	234	Elbbrücken	6,38
1785	854	Fünfhausen	234	Elbbrücken	15,77
1786	855	Beckedorf	234	Elbbrücken	6,81
1787	856	Marmstorf	234	Elbbrücken	29,47
1788	857	Quickborn Ost	234	Elbbrücken	10,88
1789	858	Riepenburg	234	Elbbrücken	1,28
1790	859	Witzhave	234	Elbbrücken	21,3
1791	860	Rümpel	234	Elbbrücken	11,75
1792	861	Lasbek	234	Elbbrücken	11,75
1793	862	Elmenhorst	234	Elbbrücken	9,94
1794	863	Delingsdorf	234	Elbbrücken	8,84
1795	864	Wakendorf II	234	Elbbrücken	0,51
1796	865	Lütjensee	234	Elbbrücken	8,7
1797	866	Achtern Diek	234	Elbbrücken	8,7
1798	867	Kayhude	234	Elbbrücken	0,47
1799	868	Krümmel	234	Elbbrücken	2,75
1800	869	Brraker Grund	234	Elbbrücken	8,7
1801	870	Neukloster	234	Elbbrücken	43,3
1802	871	Horneburg	234	Elbbrücken	42,05
1803	872	Dollern	234	Elbbrücken	12,79
1804	873	Agathenburg	234	Elbbrücken	54,9
1805	874	Stade	234	Elbbrücken	119,28
1806	875	Kaltenkirchen Süd	234	Elbbrücken	90,3
1807	876	Kaltenkirchen Mitte	234	Elbbrücken	0,8
1808	877	Holstentherme	234	Elbbrücken	0,75
1809	878	dodenhof	234	Elbbrücken	0,75
1810	879	Nützen	234	Elbbrücken	0,75
1811	880	Lentföhrden	234	Elbbrücken	0,75
1812	881	Bad Bramstedt Kurhaus	234	Elbbrücken	0,75
1813	882	Bad Bramstedt	234	Elbbrücken	0,75
1814	883	Wiemersdorf	234	Elbbrücken	0,75
1815	884	Großenaspe	234	Elbbrücken	0,75
1816	885	Boostedt	234	Elbbrücken	0,75
1817	886	Neumünster Süd	234	Elbbrücken	0,75
1818	887	Neumünster	234	Elbbrücken	3,44
1819	888	Pollhof	234	Elbbrücken	1,13
1820	889	Curslack Nord	234	Elbbrücken	1,14
1821	890	Neuengamme Kirche	234	Elbbrücken	1,11
1822	891	Neuengamme, Bei der blauen Brücke	234	Elbbrücken	1,12
1823	892	Neuengamme KZ-Gedenkstätte	234	Elbbrücken	1,17
1824	893	Neuengamme, Windpark	234	Elbbrücken	1,15
1825	894	Neuengamme, Elbdeich	234	Elbbrücken	1,14
1826	895	Altengamme, Gemeindehaus	234	Elbbrücken	1,13
1827	896	Altengammer Hauptdeich	234	Elbbrücken	3,94
1828	897	Borghorst	234	Elbbrücken	1,13
1829	898	Neuengammer Heerweg	234	Elbbrücken	1,19
1830	899	Neuengammer Hinterdeich	234	Elbbrücken	1,1
1831	900	Neuengamme Kiebitzdeich	234	Elbbrücken	1,15
1832	901	West-Krauel	234	Elbbrücken	8,03
1833	902	Kirchwerder Schule	234	Elbbrücken	1,57
1834	903	Kirchwerder	234	Elbbrücken	1,34
1835	904	Teufelsort	234	Elbbrücken	1,38
1836	905	Zollenspieker Schule	234	Elbbrücken	1,3
1837	906	Zollenspieker	234	Elbbrücken	6,73
1838	907	Lütjenburg / Sande	234	Elbbrücken	7,33
1839	908	Süderquerweg	234	Elbbrücken	1,85
1840	909	Norderquerweg	234	Elbbrücken	1,26
1841	910	Achterdiekbrücke	234	Elbbrücken	1,25
1842	911	Schule Curslack	234	Elbbrücken	1,15
1843	912	Rieck-Museum	234	Elbbrücken	1,26
1844	913	Neuengamme, Kirchwerder Landweg	234	Elbbrücken	1,27
1845	914	Kirchwerder Hausdeich	234	Elbbrücken	1,26
1846	915	Fersenweg	234	Elbbrücken	1,3
1847	916	Wraust	234	Elbbrücken	1,07
1848	917	Fünfhausen Schule	234	Elbbrücken	1,09
1849	918	Durchdeich	234	Elbbrücken	1,04
1850	919	Reitbrook Hinterdeich	234	Elbbrücken	1,03
1851	920	Krapphofschleuse	234	Elbbrücken	3,52
1852	921	Neu-Allermöhe Süd	234	Elbbrücken	8,76
1853	922	See Hinterm Horn	234	Elbbrücken	1,04
1854	923	Reitbrooker Mühle	234	Elbbrücken	1,06
1855	924	Eichbaumsee	234	Elbbrücken	4,74
1856	925	Hohedeich	234	Elbbrücken	1,07
1857	926	Fünfhausen, Siedlung	234	Elbbrücken	1,08
1858	927	Ochsenwerder Norderdeich	234	Elbbrücken	1,06
1859	928	Ochsenwerder Schule	234	Elbbrücken	1,09
1860	929	Gauert	234	Elbbrücken	1,05
1861	930	Ochsenwerder Dorferbogen	234	Elbbrücken	1,06
1862	931	Spadenland	234	Elbbrücken	1,06
1863	932	Gewerbegebiet Allermöhe West	234	Elbbrücken	3,67
1864	933	Moorfleet	234	Elbbrücken	2,09
1865	934	Pinkertweg	234	Elbbrücken	12,74
